area	company	pay
용산구	서울디지털대학교	7000
서대문구	서울디지털대학교	7000
강서구	서울디지털대학교	7000
은평구	서울디지털대학교	7000
강동구	맥도날드 서울둔촌DT점	7400
구로구	주식회사 드림익스프레스(한진택배)	7000
동대문구	작은고양이샤똥	10000
서대문구	달려라 봉쥬비어	7000
송파구	GS리테일/GS수퍼마켓	6050
관악구	Healing	20000
강남구	원스탭서비스㈜	6500
송파구	㈜이지메디컴 서울아산병원	6030
강동구	엉터리생고기 고덕점	7000
종로구	㈜쎄이탑항공	6100
중구	깐부치킨순화동라마다점	6800
강동구	GS리테일/GS수퍼마켓	6150
중구	주식회사 맨파워코리아	7300
광진구	카츠미	7000
마포구	홈앤쇼핑[상암,디지털미디어시티]	8500
강서구	pc방알바구함	6200
강남구	신세계푸드 자니로켓	7380
서초구	반디앤루니스-센트럴점	6500
송파구	꼰에야	6030
용산구	김종용 누룽지통닭 한남점	7000
영등포구	GS리테일/GS수퍼마켓	6150
송파구	뉴욕버거 송파구 이마트 가든파이브점	6030
동작구	메가박스 이수지점	7236
용산구	블루브릿지	7500
서초구	더벤티(논현역점)	7300
강남구	압구정큐브	6700
마포구	홍대 무한삼겹 (홍대직영점)	7500
송파구	SDS잠실	7590
강남구	몬쉘코리아(각지점 가로수길,백화점내매장)	7800
송파구	㈜매니저맨코리아	7500
영등포구	알엠비엔터테인먼트	6030
구로구	스투피드(www.stupid.co.kr)	7000
금천구	성도컴퍼니	7200
관악구	㈜H&T	6500
구로구	Nine9Bar	25000
관악구	T/M/B	30000
강서구	굿윌아이엔씨㈜	10500
강남구	㈜다온(H&R)	8000
금천구	CJ대한통운	7000
구로구	여의궁	22000
서초구	메가박스 강남점	7236
양천구	여의궁	22000
관악구	여의궁	22000
양천구	GS리테일/GS수퍼마켓	6150
송파구	커브스 문정클럽	6030
마포구	스시 키노이	7500
성북구	412 BAR (사일이)	12000
관악구	소담마루 레스토랑	7236
성동구	하나카드	7000
양천구	pga전문가집단학원	10000
강남구	JBL스토어	7200
성북구	JBL스토어	7200
강남구	JBL스토어	7200
중구	㈜호텔명동	8500
강남구	H.C.G FOOD (캐주얼 일식 ,중식 ,수제버거)	7000
영등포구	㈜티시스	9000
마포구	㈜홈앤쇼핑	8500
구로구	여의궁	22000
서초구	메가박스 강남점	7236
양천구	여의궁	22000
관악구	여의궁	22000
양천구	GS리테일/GS수퍼마켓	6150
송파구	커브스 문정클럽	6030
마포구	스시 키노이	7500
성북구	412 BAR (사일이)	12000
관악구	소담마루 레스토랑	7236
성동구	하나카드	7000
양천구	pga전문가집단학원	10000
강남구	JBL스토어	7200
성북구	JBL스토어	7200
강남구	JBL스토어	7200
중구	㈜호텔명동	8500
강남구	H.C.G FOOD (캐주얼 일식 ,중식 ,수제버거)	7000
영등포구	㈜티시스	9000
마포구	㈜홈앤쇼핑	8500
서초구	오디오갤러리	7000
강남구	커브스 대치클럽	6030
강북구	JADE BAR-제이드 모던바	16000
종로구	18번완당명가(대학로점 / 삼성역 파라나스몰	6500
서초구	홈플러스익스프레스 양재점	7020
관악구	GlassBar(글라스바)	20000
강남구	H&M	7875
용산구	카페베네 이태원역점	6030
강남구	GS리테일/GS수퍼마켓	6050
강남구	GS리테일/GS수퍼마켓	6150
강동구	틈[bar]	15000
강서구	㈜유니에스 한국암웨이 프라자 강서점	6240
강동구	㈜팔팔팔에프앤씨(888fnc)	7000
종로구	두게스트하우스	6100
동대문구	페플	6200
강남구	도미노피자 논현점	8000
성북구	위너스메릭스	6500
영등포구	H&M	7875
송파구	H&M 잠실점	7875
강남구	㈜토니버거	6500
강남구	아리스타커피 선릉 2호점	6700
성북구	pnyx bar	10000
구로구	뉴욕치과의원	7000
강남구	㈜해커스어학원	7236
노원구	GS리테일/GS수퍼마켓	6050
관악구	GS리테일/GS수퍼마켓	6050
종로구	이스탄불 ( 대학로)	6500
강남구	쿠이신보	7500
송파구	GS리테일/GS수퍼마켓	6050
서초구	cafe imt	7000
송파구	에드인서비스	7000
서대문구	H&M	7875
강북구	H&M	7875
강동구	H&M 잠실점	7875
관악구	㈜다온(H&R)	8000
영등포구	대명라이프웨이	6100
서초구	황토장어마을	8000
송파구	동화청과㈜	9000
영등포구	주식회사 선경제이티	6500
강북구	GS리테일/GS수퍼마켓	6050
영등포구	주식회사 선경제이티	7250
강남구	맥주광	7000
송파구	롯데백화점 잠실점 /㈜골든캐슬	8500
중구	명동마트	8000
종로구	후쿠오카함바그 대학로점	6500
구로구	CNQ미디어	8000
중구	신세계백화점 본점 코치/㈜골든캐슬	8500
강남구	㈜한국리서치	6100
노원구	주식회사 에이치투컴퍼니	6030
중구	주식회사 맨파워코리아	7300
송파구	샹떼 피씨방 방이역점	6100
영등포구	아리스타커피 서여의도점	6500
종로구	씨티	6030
서초구	㈜99플라워	7000
금천구	명품한방족발	7000
마포구	마포 카나 이자카야	7500
강북구	하남돼지 수유점	8000
중구	롤링핀 퍼시픽타워점 (구 올리브타워)	7600
중구	롯데백화점 본점 /㈜골든캐슬	8500
광진구	힐링톡톡 건대점	6200
서초구	줄리앙와플	7000
서대문구	메가박스 신촌지점	7236
관악구	최강황샘수학전문학원	8000
용산구	㈜골든캐슬/지반토스코리아	6500
양천구	㈜로망스투어	7500
강남구	㈜현현교육	6100
영등포구	아모제푸드㈜	6500
강서구	예주테크코리아	6500
송파구	현대씨앤알 서울아산병원(주차)사업장	6900
마포구	Feelingphoto	70000
용산구	포메인 용산점	7320
구로구	아비꼬 디큐브시티점	7500
중구	주식회사 맨파워코리아	7300
중구	㈜한국에스웨이	8000
강남구	㈜성신상사	7000
양천구	티센크루프엘리베이터코리아	6300
양천구	티센크루프엘리베이터코리아	6300
중구	Thanks Coffee	6500
마포구	팀클라우드 세차	8000
영등포구	주식회사 DD	7400
관악구	위니월드	8280
금천구	주식회사비시크	6100
마포구	싸움의고수 홍대점	7500
강남구	㈜유니토스	10251
관악구	신세계푸드/ 베키아누에보	6030
중구	자니로켓(신세계백화점 본점-회현역) 사원 	6150
노원구	sioko	6100
성동구	㈜니트빈	70000
강남구	㈜성신상사	7000
양천구	티센크루프엘리베이터코리아	6300
양천구	티센크루프엘리베이터코리아	6300
중구	Thanks Coffee	6500
마포구	팀클라우드 세차	8000
영등포구	주식회사 DD	7400
관악구	위니월드	8280
금천구	주식회사비시크	6100
마포구	싸움의고수 홍대점	7500
강남구	㈜유니토스	10251
관악구	신세계푸드/ 베키아누에보	6030
중구	자니로켓(신세계백화점 본점-회현역) 사원 	6150
노원구	sioko	6100
성동구	㈜니트빈	70000
강남구	㈜리서치맥스	6050
마포구	경성함바그 홍대점	7000
마포구	㈜ 아이에스티솔루션	7000
관악구	남고집 신림점	7000
중구	㈜한국에스웨이	10000
성동구	㈜랠리유통	7000
송파구	미도	35000
관악구	미도	35000
서초구	미도	35000
강남구	에잇세컨즈/가로수길점	8000
강서구	메가박스 화곡점	7236
영등포구	에잇세컨즈/ IFC몰점, 타임스퀘어점	8000
관악구	O bar	15000
성동구	일미락	7500
서초구	위드미 반포서래마을점	8000
강남구	유BAR	27000
마포구	나쁜여자Bar	30000
마포구	포베이 합정점	6800
서초구	㈜디지털포토	6500
강남구	㈜엑스뻬제	8000
성북구	선술집 모로미	7000
강남구	웨알유	8000
서초구	아리스타커피 삼성타운직영점	6500
강남구	홈플러스익스프레스 대치역점	7020
송파구	㈜한국에스웨이	8000
송파구	㈜한국에스웨이	8000
성동구	㈜이랜드파크 애슐리 한양대점	7000
송파구	아비꼬 롯데월드몰점	7500
마포구	지로우라멘	6700
노원구	해신횟집	6500
강남구	㈜플레이	7500
마포구	유아영어 화상수업 선생님 모집	9500
강남구	커피양탕국	6300
서초구	윙스터디	7236
영등포구	아비꼬 여의도IFCMALL점	7500
서초구	아비꼬 센트럴시티점	7500
서초구	아비꼬 센트럴시티점	7500
중구	아비꼬 롯데영플라자	7500
영등포구	아비꼬 타임스퀘어	7500
구로구	아비꼬 디큐브시티점	7500
마포구	아비꼬 홍대점	7500
강남구	깐부치킨 압구정현대점	7000
강남구	UBIQUITOUS STUDY ACADEMY	30000
관악구	수애리	15000
강남구	빌보드	22000
강남구	GS수퍼마켓 신사점	6500
용산구	㈜한국에스웨이	7000
서초구	서래통 서래마을점	7500
강남구	포메인 GS타워점	6500
영등포구	㈜유니에스	7460
종로구	㈜웅진/웅진씽크빅	8500
중구	이디야태평로점	8000
강남구	M노래방	9000
강남구	㈜휴롬팜	6500
동대문구	달래진족	9000
은평구	메가박스 은평점	7236
용산구	데일리	6030
중구	아리스타커피 충무로직영점	6800
마포구	하늘눈	7000
강서구	㈜유니에스	6030
동작구	CU동작중심	6400
강남구	르지우 시그니처 랩	7000
관악구	신림 노랑통닭	9500
강남구	코드케이	7000
영등포구	렐란디	6100
마포구	MMTH085(마포점)	6100
중구	파트타임가능/충정로/3개월단기직	10000
구로구	죠스떡볶이 이마트구로점	6700
마포구	홍대 젠 클럽 주말알바 구인	6500
강남구	㈜명인에듀 강남지점 명인스카이수학학원	6500
강남구	애크미키친	7300
동작구	스쿨스토어 이수역점	6800
동대문구	우리은행	7100
동작구	카페 앤츠	7236
용산구	한샘마트	7000
중구	㈜골든캐슬/반얀트리 호텔 서울	7200
종로구	드롭탑직영점	6030
강남구	라떼킹(양재점)	6100
관악구	refresh	6100
광진구	우리은행	7100
강남구	맥주야	7500
서초구	할리스커피 논현역점	6500
강남구	한국리서치	6500
성북구	㈜ 미술넷 커뮤니케이션 / 미술용품 쇼핑몰	6500
송파구	아이스팩토리	6300
중구	커피공장	6500
중구	아리스타커피	7500
용산구	FEASTANDFETES	7000
영등포구	이닌스페이스	30000
강남구	강남스크린골프	7500
성동구	오마이데이터	7000
영등포구	파워스크린	6500
금천구	대성글로벌네트웍㈜	7500
강남구	㈜씨에스피푸드 르사이공 코엑스점	8000
서대문구	ININSPACE	30000
마포구	빈티지산타	6100
강남구	맥도날드 한티역점	7200
강서구	아모제푸드㈜-엘레나키친	6830
용산구	FEASTANDFETES	7000
영등포구	이닌스페이스	30000
강남구	강남스크린골프	7500
성동구	오마이데이터	7000
영등포구	파워스크린	6500
금천구	대성글로벌네트웍㈜	7500
강남구	㈜씨에스피푸드 르사이공 코엑스점	8000
서대문구	ININSPACE	30000
강남구	맥도날드 한티역점	7200
강서구	아모제푸드㈜-엘레나키친	6830
마포구	우리교육미디어	10000
중랑구	㈜기지에너지	6200
성동구	우리은행	7100
강동구	님도셰프	8000
종로구	공차 동묘점	6100
강남구	몰입어학원	7100
동대문구	㈜러쉬코리아	7300
강남구	따리bar	8000
마포구	MISSHA	6300
강남구	라이라이	7000
성동구	카페아모제 현대압구정점	7597
강북구	아모제푸드㈜/케이텍 맨파워㈜	6030
강남구	케이텍 맨파워㈜	7597
강서구	아모제푸드㈜-엘레나키친	6830
강서구	아모제푸드㈜-엘레나키친	6830
중구	카페아모제 롯데백화점 을지로입구 명동점	7597
강남구	케이텍 맨파워㈜	7597
성동구	스쿨스토어 뉴 왕십리점	10000
구로구	VIVID	25000
관악구	VIVID	25000
관악구	베리베리 서울대입구역점	6500
강동구	아모제푸드㈜/엘레나가든 강동점	6700
영등포구	VIVID	25000
마포구	VIVID	25000
영등포구	㈜ENMPLUS 키즈앤키즈	7240
강서구	VIVID	25000
마포구	크루즈Bar	25000
마포구	플로듀	6100
광진구	강평주유소	6500
송파구	분식의 신	6800
서초구	하나서비스	11000
중구	중국어통역	8000
서초구	COFFEE 829	6500
관악구	SK텔레콤	6500
중구	J스포츠클럽	6200
강남구	힐링가든	6300
중구	SK텔레콤	6500
강남구	도모다찌	6700
강남구	PEERS BAR	35000
관악구	EMERGENCY	15000
서초구	대성석유㈜연일주유소	6300
광진구	몬스터주스	6300
양천구	S 키친	7500
광진구	겐로쿠우동	6300
성동구	㈜큐오스	7000
관악구	블루칩BAR	9000
서초구	디앤드엔코리아㈜	7500
중구	㈜큐오스	7000
동작구	애플포니	6500
영등포구	카페 빅스케일 (국회의사당역)	6500
영등포구	㈜케이앤씨체인본부	8500
강남구	비비라인의원	8000
종로구	㈜커리어휴먼	6500
서초구	서초현대주유소	6500
강남구	아리스타커피 선릉직영점 (선릉역)	7000
강서구	㈜FNC/버거헌터 김포공항	7000
마포구	이니스페이스	30000
종로구	MMTH042-매머드커피 광화문점	6500
송파구	㈜아이스팩토리	7300
광진구	프리가	7500
영등포구	프리가	7500
중구	㈜옵스	6700
서초구	버거킹 남부터미널	6030
서대문구	빽다방이대정문점	6200
양천구	엠투상사	7000
강서구	㈜씨에스앤에스	7000
관악구	미도	35000
용산구	Super pan	7000
마포구	에프터먼데이	6500
금천구	아세아나인㈜	6030
강남구	BAR Largo	30000
강남구	BAR Largo	30000
서초구	버거킹 남부터미널	6030
강북구	산성골	7000
강남구	강남구청역점(자바시티커피)	7000
은평구	s bar	12000
마포구	디톡시 공덕점	7000
중구	제이제이케터링㈜	10000
영등포구	JJ	10000
은평구	쥬씨 은평역촌점	6300
영등포구	웰빙할인마트	6500
송파구	㈜오투씨앤아이	7240
중구	육전면사무소(명동점)	7000
강남구	샤로제	13000
마포구	㈜세븐TMC	8000
양천구	쭈오사퓨전포차	7000
용산구	용산 놀아조PC방	7000
강남구	다된다 대치점	10000
성북구	V.I.P바	15000
서초구	역삼동애플	8000
강남구	전철우 음식사랑 논현점	8000
송파구	카페 안(安)	6500
중구	롯데쇼핑㈜롯데시네마 황학	6030
강남구	sky	26000
관악구	한가네 숯불닭갈비 (신림점)	7000
마포구	싸움의고수 홍대점	7500
성북구	ThedreamGroup	6500
강서구	레카BAR	20000
서초구	와라와라사당2호점	7000
중랑구	GS25 상봉하나점	6030
영등포구	㈜티시스	9000
성북구	Subway성신여대점	6200
서초구	방배동 행복의집 베이커리, ㈜행복찹쌀떡	6700
종로구	㈜엘앤제이	6500
중구	보자기카드	7236
중구	청첩장 보자기카드	7437
강남구	세이지성형외과	7000
종로구	㈜직방	8000
금천구	㈜마더텅	10000
금천구	㈜마더텅	10000
노원구	별 노래연습장	6030
종로구	쥬씨동대문역점	6030
서대문구	행당족발(홍은점)	7000
강남구	스타일 압구정점	10000
서초구	키즈나	7000
송파구	[롯데월드-스쿨스토어]	7200
관악구	다우에스앤에스	10000
강남구	토마토 bar	28000
강남구	엔제리너스 역삼GS타워점	8000
송파구	밤스버거 직영 잠실 정순함박	6500
강남구	㈜놀부NBG  강남 비스트로 (놀부 보쌈) 직영	7500
서대문구	거품	6500
관악구	양철복(신림역점)	7500
중랑구	떼루와(신내점)	6030
금천구	㈜에이원맨파워	7500
강남구	엣지 bar	17000
중구	브레댄코 청구역점	6100
중구	㈜ 춘산에프앤비	7500
마포구	㈜홈앤쇼핑	8500
마포구	나인스쿨 마포지점	10000
노원구	젠틀몬스터	8000
중구	아웃백스테이크하우스 을지로입구점	7250
영등포구	수제맥주점문점 크래프트홉스	7000
강서구	호야호야 식빵	6100
양천구	생활맥주 목동점(오목교역)	7000
도봉구	와플대학/창동캠퍼스	6200
성동구	톡톡노래방	8000
서초구	2n2b	20000
영등포구	모던 한식 에덴	7500
중구	신세계 백화점 본점	7200
영등포구	생활맥주당산점	7500
서초구	서울씨아이에스㈜서초지사 레드스톤	7000
강남구	JS당구클럽	6500
마포구	피자나라치킨공주	7000
강남구	아비꼬카레	7000
마포구	미그릴	7000
성동구	빈 플래토 Bean Plateau	6030
서초구	텟판야키 키라메쿠	7000
중구	금돼지식당	8000
광진구	밤낮	7000
강남구	쥬비스	8000
중구	두산 두타면세점	11000
강남구	봉구비어 역삼역점	8000
동작구	ST Unitas	8000
마포구	맘스터치 홍대점	7000
강남구	㈜마케팅플래닛	6200
강남구	봉구비어 역삼역점	8000
동작구	ST Unitas	8000
마포구	맘스터치 홍대점	7000
강남구	㈜마케팅플래닛	6200
강남구	랍스터쉑	7000
도봉구	㈜희망무역	8000
강남구	가이드라인	6500
광진구	소문난 골목집	7500
마포구	상상블럭 홈플러스 월드컵점	6100
마포구	합정, 홍대 스페인야시장	7000
송파구	라비앙호텔	7500
광진구	힐링톡톡 건대점	6200
송파구	리딩스타어학원	8000
종로구	어담 일식 종로점	6800
강남구	프로푸모	6500
마포구	이닌스페이스	30000
영등포구	폴리파크 양평점	6200
관악구	굿마트관악점	6030
동작구	싱싱오징어바다	8000
용산구	Layers / 이태원역	9000
강남구	㈜셀러비	6500
마포구	㈜엘버하이테크	6500
송파구	태양이네전구에이드(서울롯데월드)	7000
용산구	더클럽바	25000
강남구	중대부고 급식실	8000
금천구	㈜마더텅	14000
용산구	Thursday Party	7000
양천구	페르몬	15000
강남구	커피스미스에프씨㈜본사점	7500
마포구	뚜띠쿠치나공덕점	6030
영등포구	㈜토바시스템	8000
마포구	갈비살음메	7000
송파구	㈜삐삐롯드	6500
구로구	아툰즈	7000
관악구	대통삼	6500
강서구	대성석유㈜ 관문주유소	6030
성북구	모모스테이크 성신여대점	6100
송파구	㈜삐삐롯드	6500
구로구	아툰즈	7000
관악구	대통삼	6500
강서구	대성석유㈜ 관문주유소	6030
성북구	모모스테이크 성신여대점	6100
금천구	서운에이치에스㈜	6030
용산구	Bitwin Brain	7500
강남구	강남옛날돈까스	7000
강서구	감자탕콩작소	7000
중구	사이드쇼	7000
용산구	그랑씨엘 이태원점	6500
동작구	주식회사 서우유통에너지	6500
마포구	againuse	6100
강남구	오피스테이션	7000
서초구	나사산업안전㈜	8000
광진구	아크랜드서비스코리아 주식회사	7300
서초구	더 모스트 웨딩홀	8500
마포구	갈비살 음메	7000
종로구	만쥬하나	6500
관악구	루나 (luna) bar	20000
영등포구	마시찜 타임스퀘어점	6500
동작구	몽키타운피시방 (노량진)	6200
강동구	호미다반	7500
강남구	신세계백화점/강남점	8000
마포구	cafe  jass(카페자스) 합정점	6030
강남구	아크랜드서비스코리아 주식회사	7300
종로구	아크랜드서비스코리아 주식회사	7300
강북구	흥국생명 강북지점	8000
마포구	아크랜드서비스코리아 주식회사	7300
도봉구	계륵장군(방학점)	6030
마포구	팬스테이크키친 홍대점	7000
서초구	주식회사 올파인	7000
광진구	우마이도	6200
강서구	㈜파라다이스세가사미	11000
서초구	마더쥬스교대점	6500
마포구	bar A	30000
관악구	주식회사유진리더스	10000
강남구	한성엠에스	9000
마포구	브이bar	25000
중구	s and me	7000
관악구	쌈남쌈녀 퓨전한식 카페	7000
서초구	플로리아 카페 (강남 신논현역)	6500
양천구	엠브이오목교점	13000
중구	이디야커피 명동역점	6030
양천구	천성공조	7500
영등포구	주식회사유진리더스	10000
마포구	웅진북클럽	9500
은평구	웅진북클럽	9500
금천구	엔커피	6500
강남구	메종드라카테고리	7000
영등포구	애니맨 anyman	10000
강남구	주식회사유진리더스	10000
광진구	㈜피엔비	6100
동작구	주식회사유진리더스	10000
강남구	주얼리	15000
서초구	㈜디지털포토	6500
종로구	구현시스템	6600
서대문구	김피라 신촌점	7000
관악구	윈즈시스템(급여가불/문자접수가)	7000
강동구	신세계푸드	6300
서대문구	꽁술	6500
강남구	한성엠에스	8000
강북구	신세계푸드/베키아에누보 본점(회현역)	6580
동대문구	신세계푸드/베키아에누보 본점(회현역)	6580
은평구	더통큰구이 연신내점	6500
강남구	포메인 청담역점	6500
강남구	에스	20000
강북구	jbar	30000
성북구	모던바NTL낫투레이트	15000
중랑구	중랑구 모던 바 FOX 입니다	15000
마포구	인더라인25 편의점	6300
서초구	펀비어킹 교대점	7500
강동구	스토리	25000
중랑구	카페베네 먹골역점	6500
양천구	Bar 올리브	25000
마포구	Bar 올리브	25000
서대문구	Bar 올리브	25000
서초구	㈜토스 / 세화여자고등학교 급식실	7700
마포구	웅진씽크빅(대학생,휴학생/대규모 채용)	9500
서초구	㈜포에버케이블정보통신	7000
송파구	빙고	15000
중구	이디야 광희동점(동대문역사문화공원 역)	7300
송파구	화난치킨	7000
서초구	㈜포에버케이블정보통신	7000
송파구	빙고	15000
중구	이디야 광희동점(동대문역사문화공원 역)	7300
송파구	화난치킨	7000
은평구	blossom(블라썸)	25000
은평구	커피가지고	6500
강남구	GS25역삼파크	6300
강남구	포메인 수서점	7600
마포구	blossom(블라썸)	25000
종로구	핸더	7200
서초구	김뿌라 초밥전문점	8000
마포구	유림피엠씨	6500
은평구	훌랄라치킨카페	6200
영등포구	카페 자 블라썸	6800
강남구	떼루와 선릉역점	7000
강남구	니뽕내뽕 압구정점	7000
종로구	중식카페 홍지문	6500
용산구	세븐일레븐 용산해방촌점	6500
강남구	카페 굴리엘모 역삼역점	6500
강남구	바른치킨/강남매봉역점	7500
강남구	안녕,숯불 햄버거,요리 전문점	7000
강남구	㈜마마스푸드 가로수길점	7240
종로구	㈜마마스푸드 광화문점	7240
마포구	잭팟잉글리쉬	20000
영등포구	㈜엑스퍼서치	6500
종로구	㈜조은시스템	6030
양천구	토프레소 목동점	6030
중구	펑키플래닛㈜	8000
서초구	Park Cafe	6300
마포구	내가찜한닭 홍대점	6700
광진구	T라운드bar	30000
마포구	마오	7000
동작구	㈜조은시스템	6030
용산구	㈜조은시스템	6030
마포구	㈜조은시스템	6030
중구	㈜조은시스템	6030
강남구	우리은행	7100
중랑구	우리은행	7100
강동구	Dobleu	30000
강북구	YOU (유)	18000
마포구	㈜홈앤쇼핑	8500
마포구	애탠	7000
강남구	Violet	32000
강남구	쉼터편의점	6200
용산구	㈜에이원아이엔티	8000
중구	태광실업	6030
강남구	빽다방 선릉중앙점	7240
강남구	클라임독서실	6030
송파구	주식회사이에스푸드	7230
동대문구	닌자초밥 전농점	6500
강남구	미스사케	20000
노원구	카페마담	6200
성북구	Murmur de gusto	6500
강남구	포시엔 학동역점	7000
성북구	Murmur de gusto	6500
성북구	㈜다홍앤지니프	6500
강남구	식솔(soul)	15000
강남구	만화가게 V	6500
강동구	T라운드bar	30000
강남구	[자연별곡 강남역점]	7000
성북구	현대백화점 미아점	6030
송파구	커피베이 장지역점	6300
마포구	다르다카페/에니어그램코리아㈜	6100
강남구	스트릿츄러스 논현영동점	7320
중랑구	더 카페 이마트상봉점	6100
관악구	위즈홀딩스	6500
강남구	카발(CABAL)	7000
송파구	큐브이스케이프잠실점	6500
구로구	골든에이스피엠씨 ㈜	6030
동대문구	강남주유소	6400
동작구	cjcfitness	6100
강남구	드라마	50000
강남구	턴 리버 보드카페	10000
강동구	크리스탈	25000
강서구	블링 bar	25000
마포구	티에스에이치㈜	7000
강북구	wbar(더블유바)	15000
서대문구	두끼 이대점	6500
송파구	커피식스 쥬스식스 잠실점	6100
서대문구	육정성	7500
양천구	봉피양	8000
서초구	이랜드파크외식 반포 뉴코아 아울렛	7500
도봉구	이디야신창점	6200
성동구	위드미본점	6100
서초구	이랜드파크외식 반포 뉴코아 아울렛	7500
도봉구	이디야신창점	6200
성동구	위드미본점	6100
중구	맛을볶는사람들 석이네 약수점	6500
송파구	빌즈 잠실(bills Jamsil)	7000
구로구	대복주유소	6030
종로구	더테라스	7500
강남구	세탁특공대	12450
중구	비트포비아 동대문역사문화공원점	7500
용산구	생활맥주  용문점	6500
서초구	㈜에듀왕	10000
강남구	바디스페이스	7000
서초구	앨리스토리커피	6500
송파구	㈜프라이어스이노베이션	7000
용산구	GENIE PUB(지니펍)	7500
강남구	[자곡동 소야지] 소고기전문점	7000
강남구	맥주콜	7000
노원구	쥬씨 중계브라운스톤점	6500
강남구	휴(HUE)	30000
강동구	삼겹싸롱(천호로데오점)	6500
동대문구	댓잎갈비	7000
마포구	석봉토스트 상암IT점	6500
금천구	㈜엘솔컴퍼니	7000
은평구	한국복마무역	6500
송파구	이웃집소녀떡볶이 거여점	7000
서대문구	애슐리	7200
강서구	롯데리아 우장산역점	6030
마포구	더그리드	7000
강동구	더블유바	30000
강동구	더블유바	30000
양천구	BAR NANA	13000
동작구	전주전집	7500
강북구	모던 Bar ( i') 아이	18000
강서구	SEVEN7 BAR	30000
중구	㈜이니삭	6030
용산구	두에꼬제	7000
강북구	밀당포차	7000
종로구	계동피자	6200
성동구	㈜이지모바일	8500
강동구	연세로하스 서울지사	8000
강서구	Holic bar	25000
강남구	맥도날드 춘천명동점	7700
강남구	맥도날드 이마트목포점	7700
강남구	맥도날드 부평이마트점	7700
강남구	맥도날드 인천공항점	7700
중랑구	bee hive(허니비)	8000
송파구	파리바게트 위례북부점	6030
용산구	코레일유통 직영편의점 Storyway편의점 P/T	7600
송파구	㈜제이에스부동산중개법인	6030
영등포구	홍이식품	7500
강남구	이앤티컴퍼니코리아	6500
노원구	스시통[노원본점]	6500
송파구	효성한의원	6500
동대문구	㈜나라컴퍼니	7000
광진구	히네꼬 스테이크	6300
강서구	메이비원㈜/포토몬	6500
서초구	서울리마치과	8000
중구	비치클럽커피 충무로점	6100
송파구	㈜에이치티엠	10000
노원구	신흥	7000
동작구	올리브영 노량진삼거리점	7240
구로구	올리브영 오류동역	7240
종로구	㈜캘리스코	6700
관악구	죠스떡볶이(난곡점)	6100
성동구	공차왕십리역사점	6030
노원구	광운전자공업고등학교	8000
중구	청미루	7000
용산구	테이스트릿	6100
금천구	미니스톱 가산대륭점	6030
중구	파리바게뜨	6030
종로구	Caffe Grano	6500
구로구	㈜현대백화점	6100
동작구	크리스피크림도넛_ 사당점	6030
서초구	바바인디아	6500
강남구	비씨인베스트㈜	7000
마포구	아마스빈 홍대점	6200
서초구	㈜텐씨씨	7000
강서구	GS25등촌한마음점	6200
강남구	크리스피크림도넛_ 코엑스몰점	6030
강남구	미스터피자 양재점	8000
강남구	크리스피크림도넛_ 코엑스몰점	6030
광진구	nIne Bar	30000
구로구	근린공원주유소	6100
강남구	크리스피크림도넛_ 코엑스몰점	6030
서초구	마노핀 교대역점	6030
양천구	엘리자베스아덴 코리아	7000
광진구	충만치킨 아차산점	7000
동대문구	농업회사법인 푸른산㈜	6500
종로구	㈜캘리스코	6700
종로구	도쿄스테이크	6100
강서구	죠스떡볶이 롯데마트 김포공항점	6030
강남구	크리스피크림도넛_ 코엑스몰점	6030
중랑구	롯데리아 사가정역점	9045
마포구	GS25동교행복점	6300
강남구	크리스피크림도넛_ 코엑스몰점	6030
서초구	올리브영 교대점	7240
금천구	지비인터렉티브㈜	7000
강남구	㈜상상	7000
강동구	도서출판 두남	6300
강남구	카페7그램	7300
송파구	자연별곡 잠실웰빙점	7200
노원구	3pop pc cafe	6500
강남구	메타플레저	15000
중구	올리브영 롯데피트인동대문점(CJ올리브네트	7240
강남구	맥도날드 한티역점	7200
강남구	맥도날드 대림점	7700
동작구	롯데리아 노량진점	9000
용산구	㈜포유키즈 토이피아,레고 용산 아이파크점	6600
강남구	반장즉석떡볶이	6700
송파구	이디야커피 거여역점	6100
강서구	후쿠오카함바그롯데몰김포공항점	6500
강남구	포메인 GS타워점	6500
도봉구	카페시안	6030
강남구	반장즉석떡볶이	6700
마포구	곰브라더스 공덕점	7000
금천구	GY한빛테크	7000
중구	세기상사㈜ 대한극장	6030
구로구	베이크스토리	6030
송파구	롯데리아 올림픽공원점	6130
중랑구	하남돼지집 묵동점	7500
중구	CJ올리브영 명동역2호점(CJ 올리브네트웍스	7240
강남구	CJ올리브영 강남우성점	7240
송파구	크리스피크림도넛_ 사당점	6030
구로구	㈜모비즌	6100
강남구	반장 즉석 떡볶이	6700
서초구	메가엠디 Prestige 260	6100
영등포구	로하스pc방 도림점	6300
영등포구	기소야 여의도 중앙점	7000
강남구	바른해치과	7000
중구	롯데백화점 본점 문화센터 아르바이트 모집	6100
구로구	아리스타 구로디지털 2호점	6100
강남구	카페라일락	6030
중구	올리브영 본점	7800
강남구	스타벅스 도곡역점	6100
종로구	마노핀 종각역점	6200
구로구	동서네낙지 신도림점	7000
강남구	세븐일레븐	6100
강남구	샐러디(Salady)	7200
종로구	BLACKMUG 서울의대점	6030
노원구	js스크린골프	6100
강남구	스파오 강남점	6800
마포구	이탈리안 레스토랑 보나베띠 공덕역점	6030
서대문구	더풋샵 서대문역점	7000
강서구	베스킨라빈스화곡역점	6030
양천구	이랜드 애슐리	7236
송파구	요술포차 신천점	7500
강남구	세븐일레븐	6100
동작구	반디앤스타	6030
동대문구	즐거운약국	7000
강남구	델리뉴스 삼릉공원점	6500
영등포구	이디야 커피 영등포 로타리점	6300
강남구	계절밥상 코엑스몰점	7240
강동구	공차 고덕역점	6030
강북구	nIne Bar	30000
서초구	계절밥상 강남역점	7240
송파구	올리브영 장지역점	7240
구로구	신규오픈45호점	6030
양천구	현대백화점 목동점	6100
송파구	미니스톱송파삼성점	6500
강남구	㈜반장푸드	6700
성동구	단골약국	7000
동작구	중앙대부속중학교	7000
금천구	CU(구,훼미리마트) 독산백광점	6500
구로구	쥬씨 구로구청점	6300
영등포구	영등포 속청한의원	6500
종로구	사과나무	6500
서초구	롯데리아 터미널점	6300
중구	올리브영 신당점(CJ올리브네트웍스)	7240
강남구	CJ올리브영 선정릉역점 (CJ올리브네트웍스)	7240
종로구	CJ올리브네트웍스 올리브영 대학로중앙점	7240
강남구	롯데리아 선릉점	7600
영등포구	㈜이랜드파크 외식사업부	7240
관악구	롯데리아 구로디지털역점	6030
강남구	오너스 스크린	6500
강남구	미니스톱 압구정 3호점	6030
강서구	셀덴	6050
용산구	빙봉	7000
강남구	405 kitchen 강남점	6700
영등포구	슈퍼커피 여의도역점	6200
서대문구	앤티앤스 이화여대점	6500
금천구	아이티휘트니스	7000
구로구	신규오픈45호점	6030
도봉구	배스킨라빈스 신창	6030
종로구	익선동121	7000
성북구	씨에프	6030
강서구	식신매운양푼왕갈비	7000
동작구	GS25 동작우체국점	6030
중구	올리브영본점	7800
강남구	미스터피자 양재점	8000
서초구	하남돼지집 서초교대점	7000
강동구	맥도날드 중랑점	7500
광진구	롯데리아 건대스타시티점	6030
강동구	맥도날드 대전 유성 DT점	7500
관악구	메카독서실	6030
영등포구	GS25 영등포 우성점	6030
영등포구	여의도 씨티커피	6500
중구	한국청소년정책연구원 부설 학업중단예방 및	7500
영등포구	봉추찜닭 여의도공원점	6300
관악구	배스킨라빈스 보라매타운점	6030
강동구	맥도날드 순천중앙동점	7500
도봉구	롯데리아 홈플러스방학점	6030
양천구	디앤비	6030
강남구	한국미니스톱	7236
서대문구	와규앤다이닝	6300
강동구	해피데이pc방	6100
강남구	헨델과그레텔	6300
중구	달콤커피시청오버더디쉬점	6100
강북구	GS25강북구청점	6030
종로구	플러스커피앤코	6400
관악구	김영봉이비인후과의원	6300
종로구	글라세라떼	6500
서초구	㈜젭스	6500
서초구	버거킹 남부터미널	6030
구로구	㈜인코코코리아	6500
강동구	맥도날드 용인수지점	7500
강동구	썬bar	16000
강동구	맥도날드 암사점	7500
관악구	배스킨서울대입구점	6100
양천구	㈜쥬비스그룹	7500
송파구	슈어엠주식회사	8000
영등포구	치킨뱅이	7000
관악구	스마트터치	10000
송파구	토즈스터디센터 거여 센터 피투피시스템즈	6100
서초구	버거킹 남부터미널	6030
마포구	피자헛 홍대본점	7500
구로구	피자헛 테크노마트신도림점	7240
강남구	왓슨스 코리아 신사2호점	7300
성동구	라땅뜨 왕십리점	7000
성북구	신규오픈11호점	6030
노원구	하남돼지집 노원직영점	7000
중랑구	롯데리아 면목중앙점	6130
관악구	맥도날드 사당역점	8000
강서구	㈜이랜드파크 외식사업부	7240
강남구	VIPS 도곡역점	7240
구로구	엔제리너스 구로디지털점	6030
서초구	두루두루	7500
서초구	버거킹 남부터미널점	6030
강남구	글로벌파이 어학원	6500
양천구	COLOR  PC  ZONE	6400
종로구	서울극장	7236
광진구	자양 NTOP PC CAFE	6300
서초구	치뽈라	6500
강남구	㈜피오피푸드빌/ CHINNMEAL	7000
은평구	파리바게뜨 은평신사점	6030
영등포구	보드람치킨(KBS)	7000
강남구	빽다방 강남소망점	7000
관악구	돈파스팔레	6030
마포구	올리브영 홍익대점(CJ올리브네트웍스)	7240
노원구	뷰바	10000
양천구	행복한백화점 목동점	6250
강북구	씨엘 PC방	6030
강남구	㈜카페루카코리아	6100
구로구	강릉명가교동 구로디지털2호점	6100
마포구	르돌치일구사육	6030
강남구	강남우리집의원	6500
서초구	버거킹 방배점	6030
강남구	던킨도너츠	6030
동작구	올리브영 노량진역점(CJ올리브네트웍스)	7240
마포구	올리브영 홍익대점(CJ올리브네트웍스)	7240
서초구	버거킹 방배점	6030
서초구	버거킹 방배점	6030
마포구	도쿄라인팝 - 포토샵&일본어 가능자 모집	6500
구로구	육전면사무소 구로디지털점	6500
마포구	한국기업금융평가원	10000
송파구	쇼우군 한타로	7000
금천구	Red PC방	6300
용산구	세븐일레븐 용산웰츠타워점	6030
영등포구	엠엠티에이치016	6300
동작구	올리브영 노량진역점(CJ올리브네트웍스)	7240
서초구	버거킹 방배점	6030
광진구	자양 NTOP PC CAFE	6300
서초구	치뽈라	6500
강남구	㈜피오피푸드빌/ CHINNMEAL	7000
은평구	파리바게뜨 은평신사점	6030
영등포구	보드람치킨(KBS)	7000
강남구	빽다방 강남소망점	7000
관악구	돈파스팔레	6030
마포구	올리브영 홍익대점(CJ올리브네트웍스)	7240
노원구	뷰바	10000
양천구	행복한백화점 목동점	6250
강북구	씨엘 PC방	6030
강남구	㈜카페루카코리아	6100
구로구	강릉명가교동 구로디지털2호점	6100
마포구	르돌치일구사육	6030
강남구	강남우리집의원	6500
서초구	버거킹 방배점	6030
강남구	던킨도너츠	6030
동작구	올리브영 노량진역점(CJ올리브네트웍스)	7240
마포구	올리브영 홍익대점(CJ올리브네트웍스)	7240
서초구	버거킹 방배점	6030
서초구	버거킹 방배점	6030
마포구	도쿄라인팝 - 포토샵&일본어 가능자 모집	6500
구로구	육전면사무소 구로디지털점	6500
마포구	한국기업금융평가원	10000
송파구	쇼우군 한타로	7000
금천구	Red PC방	6300
용산구	세븐일레븐 용산웰츠타워점	6030
영등포구	엠엠티에이치016	6300
동작구	올리브영 노량진역점(CJ올리브네트웍스)	7240
서초구	버거킹 방배점	6030
관악구	투썸플레이스신림역점	6030
서대문구	던킨도너츠 충정로역점	6030
금천구	㈜레드아이	7300
서초구	버거킹 방배점	6030
송파구	롯데리아 홈플러스잠실점	6030
종로구	오세븐스	6300
금천구	애슐리	6300
강동구	오가다 강동 경희대 한방 병원점	6200
성동구	㈜대현컴퍼니	7000
영등포구	토프레소	6030
강서구	새마을식당	7500
강동구	몬스터pc방	6100
동작구	올리브영 노량진역점(CJ올리브네트웍스)	7240
서초구	롯데리아 사당점	6030
강남구	스타일㈜	7000
서초구	코믹베어	6100
금천구	미니스톱가산에이스점	6100
마포구	네스카페마포kpx점	6030
강서구	상추쌈	6100
종로구	쓰리팬스	7000
양천구	다쯔미 목동점	6500
강남구	철든놈 제2공장	7245
강서구	바디녹스 필라테스	6500
서초구	롯데리아 사당점	6030
서초구	롯데리아 사당점	6030
동대문구	올리브영 서울시립대점	7240
중구	파스쿠찌 서울시청점	6100
관악구	㈜천사대리운전	8000
성동구	제이스타일	40000
중구	주식회사 삼우에프앤비	7000
중구	노유민코페(동대문점)	7000
강남구	커피주네(JUNE)	6300
구로구	청호나이스이렌탈직영점	6100
종로구	이디야 대학로점	6030
마포구	세븐일레븐(공덕자이점)	6300
노원구	사이버랜드pc방 야간 아르바이트	6030
서초구	대가방서초점[대가향]	8000
마포구	카페여유	6100
중구	이디야커피명동중앙점	6030
송파구	커피전문점 포트오브모카[송파 마천점]	6200
강북구	㈜이랜드파크 수사	7000
강남구	버거킹 수서점	6030
강남구	버거킹 수서점	6030
강남구	버거킹 수서점	6030
영등포구	GS25대림성모점	6030
강남구	버거킹 수서점	6030
강서구	차앤유클리닉	7000
강북구	수유점 맥도날드	6030
용산구	한국 피자헛 / 숙대점	6300
강서구	연세차앤유코스메틱	7000
서초구	맥도날드	8000
동대문구	니카이	6700
중구	프라자	7000
노원구	올리브영 롯데마트중계점 (CJ 올리브네트웍	7240
성북구	하남돼지집 성신여대점	7300
서대문구	미스터피자 명지대점	6030
양천구	(목동)제주연탄고기	7500
마포구	화이브밥	6300
강서구	연세차앤유클리닉	10000
강서구	목화주유소	6030
금천구	㈜플레잉팩토리	6200
서초구	㈜옥산토닝	6030
강남구	로바타진	8000
강동구	고덕경희온누리약구	6500
강남구	던킨도너츠 개포동역점	6030
광진구	브라운 브레드 커피 (세종대점)	6100
서초구	아트박스(도로시)	6030
서대문구	ib	10000
동대문구	커핀 그루나루 외대점	6030
중구	비해피컴퍼니/카페베네 동국대입구역	7500
마포구	cu공덕역점	6030
도봉구	텐바이텐	6100
중구	엔제리너스롯데호텔명동점	6030
영등포구	올리브영 타임스퀘어아트리움점	7240
마포구	CJ 올리브네트웍스	7240
관악구	엔제리너스 구로디지털역점	6030
영등포구	코와핀전경련점	6030
강남구	마레정원	7500
광진구	아트쉐어 건대 커먼그라운점	6200
서초구	해성 스크린 골프	6500
서초구	바름미디어-서초스튜디오	6500
은평구	신선설농탕 연신내점	6300
송파구	이랜드/로운	6500
광진구	엔제리너스 롯데시네건대점	7000
용산구	크리스피크림도넛_ 남영역점	6030
용산구	크리스피크림도넛_ 남영역점	6030
영등포구	올리브영 아트리움점	7240
강남구	투썸플레이스 압구정CGV점	7240
중구	맥도날드 명동점	6200
영등포구	CJ푸드빌 제일제면소 영등포타임스퀘어점	7240
성북구	GS25 월곡역점	6030
성북구	사이야 돈암동점	7000
서초구	버거킹	6030
마포구	GLT장학학원	7000
서초구	버거킹	6030
동작구	본PC(숭실대점)	6030
마포구	㈜씨코헬스케어	7000
서초구	버거킹	6030
마포구	던킨도너츠 마포점	6030
중구	올리브영 신당점(CJ올리브네트웍스)	7240
광진구	㈜원스타일	6030
노원구	피노파밀리아	10000
용산구	우리약국	7000
강남구	㈜에스디스퀘어 신사점	6500
서초구	버거킹 교대역점	6030
강남구	명품수학학원	8000
동대문구	GS25신설으뜸점.	6100
영등포구	7번가피자 영등포점	8500
송파구	세븐일레븐 가락대림점	6500
서초구	버거킹 교대점	6030
광진구	군자피씨방	6300
강남구	㈜옐로오투오	6500
종로구	커피양탄국	6500
강남구	문터커피	6500
서대문구	미스터피자 이대점	7500
동작구	롯데리아 노량진점	8000
서대문구	롯데리아 홍제역점	6030
강남구	미스터피자 양재점	8000
강남구	세븐일레븐 삼성6호점	6030
중랑구	(obarnabar)	15000
구로구	롯데리아 구로시장점	6030
송파구	BHC개롱역점	6500
강북구	킹스턴커피 미아점	6030
중구	TM2	20000
강서구	## 화곡역 삼국지 중식 레스토랑 ##	6300
동작구	이수점 아이닉스PC방 1호점	6030
강남구	니꾸자가	7000
송파구	맛닭꼬	6500
강남구	스피드열쇠	6500
강서구	개화산헬스	6030
서초구	㈜제이와이디	6500
중랑구	로즈버드디저트카페	6030
서초구	배스킨라빈스CAFE31교대점	6030
마포구	왓슨스 홍대놀이터점	7300
마포구	롯데리아 신촌로터리점	6130
영등포구	VIPS 여의도점	7240
서초구	이디야 양재언남점	6500
강동구	배스킨라빈스 강일동점	6030
서초구	㈜엠디마케팅	7000
동대문구	애프리콧	6200
종로구	더 진국 동대문점	9000
강남구	리틀족발이 논현본점	7100
서초구	추억속의 그다방	7000
서초구	㈜JTB그룹	6500
종로구	카페베네성대점	6030
서초구	toms project	6500
성북구	미소야(동소문점)	6030
서초구	카페베네사당메트로점	7500
동작구	숭실대학교소비자생활협동조합	6300
마포구	롯데리아 / 홍대점	6130
용산구	크리스피크림도넛_ 원효로커미서리점	7000
성북구	배스킨라빈스 길음뉴타운점	6030
서대문구	던킨도너츠 충정로역점	6030
구로구	애슐리 구로지밸리몰점	7000
성동구	블랙홀pc방	6300
금천구	파리바게뜨 가산에이스점	6100
서초구	이랜드외식	7000
중구	히르 돈카츠	7500
동대문구	㈜톰앤래빗	6030
서초구	이디야 예술의전당점	6500
강남구	스타일커피 STYLE COFFEE	6500
강남구	청암네트웍스㈜	7000
용산구	삼성물산㈜패션부문	6800
서초구	캐치미	9000
마포구	㈜파고드디자인	6200
서초구	㈜GBY	6500
송파구	맛닭꼬	6500
강남구	스피드열쇠	6500
강서구	개화산헬스	6030
서초구	㈜제이와이디	6500
중랑구	로즈버드디저트카페	6030
서초구	배스킨라빈스CAFE31교대점	6030
마포구	왓슨스 홍대놀이터점	7300
마포구	롯데리아 신촌로터리점	6130
영등포구	VIPS 여의도점	7240
서초구	이디야 양재언남점	6500
강동구	배스킨라빈스 강일동점	6030
서초구	㈜엠디마케팅	7000
동대문구	애프리콧	6200
종로구	더 진국 동대문점	9000
강남구	리틀족발이 논현본점	7100
서초구	추억속의 그다방	7000
서초구	㈜JTB그룹	6500
종로구	카페베네성대점	6030
서초구	toms project	6500
성북구	미소야(동소문점)	6030
서초구	카페베네사당메트로점	7500
동작구	숭실대학교소비자생활협동조합	6300
마포구	롯데리아 / 홍대점	6130
용산구	크리스피크림도넛_ 원효로커미서리점	7000
성북구	배스킨라빈스 길음뉴타운점	6030
서대문구	던킨도너츠 충정로역점	6030
구로구	애슐리 구로지밸리몰점	7000
성동구	블랙홀pc방	6300
금천구	파리바게뜨 가산에이스점	6100
서초구	이랜드외식	7000
중구	히르 돈카츠	7500
동대문구	㈜톰앤래빗	6030
서초구	이디야 예술의전당점	6500
강남구	스타일커피 STYLE COFFEE	6500
강남구	청암네트웍스㈜	7000
용산구	삼성물산㈜패션부문	6800
서초구	캐치미	9000
마포구	㈜파고드디자인	6200
서초구	㈜GBY	6500
영등포구	롯데리아 영등포역사점	6030
관악구	버거킹 신림점	6030
강남구	세븐일레븐 삼성6호점	6500
관악구	버거킹 신림점	6030
종로구	㈜삼양에프앤비	6030
강남구	[토즈] 메가젠토즈타워점	6100
양천구	㈜스터디플래닛	6030
구로구	본까스	6030
마포구	떼루와 상암점	7000
서대문구	CAFE NAMU	6050
중랑구	이디야 / 면목본동점	6030
종로구	올리브영 종로YBM점 (CJ 올리브네트웍스)	7240
영등포구	phobay	6500
강남구	버거킹 포스코점	6030
강남구	버거킹 포스코점	6030
강동구	CJ올리브네트웍스 올리브영 천호중앙점	7240
강남구	버거킹 포스코점	6030
송파구	롯데리아 올림픽공원점	6130
중구	피자헛약수역점	7000
양천구	아이센스pc방	6030
구로구	버거킹 구로점	7620
강남구	노란꼬무줄	6100
서대문구	토즈 신촌본점	6100
송파구	㈜에프에스에스엔엘	6300
종로구	야광맨	7000
송파구	롯데리아 올림픽공원점	6130
강남구	버거킹 포스코점	6030
강남구	버거킹 포스코점	6030
양천구	크린토피아양천지사	6600
영등포구	커피공방	6500
용산구	컴온	8000
종로구	비빔밥게스트하우스	7000
용산구	라라컴	8000
중구	임창정의 소주한잔(동대문직영점)	7000
금천구	와인랜드㈜	6500
종로구	서브웨이 삼일대로점	6300
송파구	GS25가든파이브점	6030
영등포구	스타벅스 당산역점	6100
종로구	한국맥도날드	6600
마포구	하남돼지집 마포역점	7500
용산구	컴퓨터마을	8000
강서구	세븐일레븐 발산신화점B	6950
동작구	삼칠포차	6500
금천구	달달보드레 가산점	7000
강남구	커피브라운 역삼점	6100
송파구	맵퍼스	6030
용산구	㈜씨오엠	8000
광진구	[구의동]데이아웃 카페	7000
강동구	배스킨라빈스 강일동점	6030
영등포구	CJ올리브영 동여의도점	7240
노원구	엠비씨코스메틱	10000
용산구	크리스피크림도넛_ 원효로커미서리점	10000
송파구	롯데리아오금동사거리점	6030
강남구	카페427	7250
노원구	엘에스씨푸드	7236
송파구	㈜와이엠넷이씨씨송파잠실어학학원	6030
금천구	㈜세븐밸리	6100
용산구	크리스피크림도넛_ 원효로커미서리점	10000
동대문구	던킨도너츠 경희대점	6030
강남구	버거킹 강남파이낸스점2	6030
용산구	크리스피크림도넛_ 원효로커미서리점	7000
용산구	크리스피크림도넛_ 원효로커미서리점	7000
강남구	버거킹 강남파이낸스점2	6030
성동구	파리바게뜨	6030
강남구	CU(역삼삼부자점)	6030
구로구	가람푸드써비스㈜ 구일고등학교	7250
강남구	it table(잇테이블)	7000
도봉구	리틀포레스트	7500
송파구	㈜맵퍼스	6030
중구	더 커피	6500
성북구	gs25종암파크점	6500
마포구	브레덴코 합정역점	6500
용산구	아모레퍼시픽 미술관	7000
강남구	주식회사 이포넷	6500
마포구	사보타지(SABOTAGE)	6500
서초구	통파이브(세계맥주전문점)양재점	7000
관악구	젠푸드 히노아지 롯데백화점 관악점	7000
노원구	수아팜	6030
동작구	피자헛 보라매점	7000
강남구	피자헛 강남논현점	7500
서초구	피자헛 교대역3호점	7500
강남구	피자헛 압구정2호점	7240
강남구	피자헛 압구정2호점	6030
성동구	㈜에스디스퀘어 쥬스앤씨 왕십리점	6500
용산구	㈜씨앤알	10440
은평구	왓슨스 새절역점	7300
중구	㈜엠에스제이엘	6500
강서구	맥도날드 등촌점	9000
강서구	대한한의사협회	6500
강남구	세븐일레븐 강남 논현타운점	6300
양천구	㈜이디야 강서초교점	6030
용산구	㈜씨앤알	9010
중구	올리브영 제일제당센터점	7240
동대문구	GS25신설으뜸점.	6100
관악구	롯데리아 구로디지털역점	6030
광진구	왓슨스 건대2호점	7300
동대문구	네네치킨휘경1점	7000
마포구	리틀파파Pho	7514
강남구	포몬스	6500
강남구	마젤란 호프	8000
동작구	한국맥도날드	7000
구로구	돈발해(고기집)	7000
강북구	부산진오뎅	6300
노원구	신규오픈36호점	6030
송파구	제이케이글로벌	10000
은평구	키라키라	6030
송파구	세븐일레븐 송파점	6030
강북구	림(lim)	18000
관악구	GS25신림녹두점	6030
동작구	배스킨라빈스 중앙대점	6030
강남구	가이드라인	6500
동작구	노량진요거프레소	6200
용산구	이탈리아 레스토랑 홀서빙 파트타이머 모집	7240
마포구	오늘도	7000
성북구	뚜레쥬르 아리랑고개점	6030
강남구	quad	6300
종로구	㈜와이비엠에듀	6500
동대문구	마츠	6500
송파구	세븐이레븐 훼미리점	6030
송파구	갤러리 PC신천본점	6500
서초구	배스킨라빈스 양재매헌점	6500
광진구	아차산주유소	6500
종로구	마노핀 종로점	6050
강남구	떡볶이 공방	7000
중랑구	포앤시드니	6100
도봉구	베몽	6500
강서구	만리장성	7000
강남구	㈜하늘마음바이오	6500
종로구	친친함박	7000
구로구	카페민트	6100
종로구	멜로디스㈜ 배스킨라빈스  광화문 교보문고	6030
은평구	올리브영 연신내범서점(올리브네트웍스)	7240
성북구	크리스피크림도넛_ 명동예술극장점	6030
중구	롯데리아 롯데마트서울역사점	6030
서초구	이찬이대학편입학원	6200
성북구	CJ 푸드빌 계절밥상 월곡점	7240
양천구	홍대칼국수와족발 목동점	6500
동작구	카페모찌	6030
성북구	빽다방 월곡역점	6050
서초구	W클리닉 피부과	8000
용산구	㈜커피코트	6500
영등포구	하이채스	7000
강남구	애비뉴엘의원	8000
강남구	올리브영 세관사거리점(CJ올리브네트웍스)	7240
중구	크리스피크림도넛_ 명동예술극장점	6030
송파구	크리스피크림도넛_ 강남역점	6030
중구	크리스피크림도넛_ 명동예술극장점	6030
송파구	크리스피크림도넛_ 강남역점	6030
중구	크리스피크림도넛_ 명동예술극장점	6030
서초구	카페베네 방배 1동점	6030
송파구	크리스피크림도넛_ 강남역점	6030
송파구	크리스피크림도넛_ 강남역점	6030
송파구	크리스피크림도넛_ 강남역점	6030
서대문구	미스터피자 이대점	6030
강남구	GS25강남시티힐점	6030
영등포구	전구소다	7500
성북구	올리브영 돈암점(올리브네트웍스)	7240
영등포구	카페 브런디	6500
강서구	대림에너지㈜덕양제6주유소	6030
강서구	진진푸드	6500
강서구	쌈빠쌈버거	6500
도봉구	이디야	6030
강동구	토즈스터디센터 명일점	6100
강남구	미스터피자 선릉역점	6100
강남구	계절밥상 코엑스몰점	7240
강동구	콩불 천호점	6100
성동구	㈜ kave	6030
서초구	㈜이룸씨앤에스	7500
관악구	카페베네 신림본점	6100
강동구	애슐리 천호역점	6500
서초구	배스킨라빈스 양재매헌점	6500
금천구	한국건설생활환경시험연구원	6050
강남구	투썸플레이스 학여울역점	6200
성북구	아발론교육 성북캠퍼스	7240
강남구	파파존스피자 역삼점	6030
강남구	브레쉬에비뉴 청담점	6300
송파구	잉크폴리스	10000
동대문구	롯데리아 경희대점	6030
은평구	이마트 수색점	7236
용산구	계절밥상 용산 아이파크몰점	7240
용산구	계절밥상 용산 아이파크몰점	7240
강남구	㈜이랜드파크 외식사업부	7240
성동구	롯데리아롯데마트행당역점	6030
송파구	㈜이랜드파크 수사	6900
은평구	㈜삼표에너지 수색충전소	6650
용산구	하남돼지집 마포역점	8000
금천구	계절밥상 가산 W MALL점	7240
서초구	롯데리아 사당점	6130
서대문구	롯데리아 홍제역점	6030
강남구	투썸플레이스 삼성로점	7200
성동구	피자헛 왕십리역점	6700
송파구	송파민병철어학원	6500
금천구	이랜드 파크 애슐리	6030
강남구	오가다 오토웨이점	6200
관악구	공차 서울대입구역점	6100
용산구	계절밥상 용산 아이파크몰점	7240
용산구	CJ올리브영 숙대점	7240
서초구	카페 크레마도로	6500
마포구	뚜레쥬르 마포도화점	6030
양천구	세븐일레븐	6300
마포구	스타벅스 합정점	6100
강남구	투썸플레이스 삼성로점	7200
강서구	㈜예일프라자	6100
구로구	㈜제니트리	6500
강남구	할리스커피 선릉 샹제리제점	6100
영등포구	365플러스당산유원점	6200
송파구	롯데리아 올림픽공원점	6130
구로구	맥도날드 구로디지털점	8500
강남구	미스터피자 선릉역점	6100
서초구	스타벅스 방배점	6100
종로구	이케맨	7000
강동구	아리스타커피 천호공원점	6030
중구	텍사쓰짬뽕	7000
서초구	버거킹 남부터미널점	7200
서초구	버거킹 남부터미널점	7200
서초구	버거킹 남부터미널점	7200
영등포구	㈜아워홈 트윈타워지점	6030
강서구	배스킨라빈스 우장산역점	6030
송파구	세븐일레븐 롯데월드몰수족관점	6030
강서구	더뻘	8000
중구	말근나주곰탕	7000
종로구	The Fresh Box 2호점	7200
동대문구	GS25신설으뜸점.	6100
서초구	버거킹 남부터미널점	7200
서초구	버거킹 남부터미널점	7200
송파구	롯데리아 올림픽공원점	6130
마포구	곱창전골	7000
송파구	롯데리아 올림픽공원점	6130
종로구	올리브영 세종로점(CJ올리브네트웍스)	7240
강남구	하츠코이오카	7500
강남구	맥도날드 강남점	6030
강동구	동원마트	6400
서초구	옥토버훼스트(서초점)	6500
용산구	국립박물관문화재단	6030
동대문구	멘도롱제주집(신설동점)	6500
강남구	한국맥도날드(유)강남점	7200
강남구	놀 피씨방	6500
영등포구	DETOXI(디톡시)	6500
송파구	롯데리아 올림픽공원점	6130
강동구	애슐리 천호역점	6500
서초구	배스킨라빈스 양재매헌점	6500
금천구	한국건설생활환경시험연구원	6050
강남구	투썸플레이스 학여울역점	6200
성북구	아발론교육 성북캠퍼스	7240
강남구	파파존스피자 역삼점	6030
강남구	브레쉬에비뉴 청담점	6300
송파구	잉크폴리스	10000
동대문구	롯데리아 경희대점	6030
은평구	이마트 수색점	7236
용산구	계절밥상 용산 아이파크몰점	7240
용산구	계절밥상 용산 아이파크몰점	7240
강남구	㈜이랜드파크 외식사업부	7240
성동구	롯데리아롯데마트행당역점	6030
송파구	㈜이랜드파크 수사	6900
은평구	㈜삼표에너지 수색충전소	6650
용산구	하남돼지집 마포역점	8000
금천구	계절밥상 가산 W MALL점	7240
서초구	롯데리아 사당점	6130
서대문구	롯데리아 홍제역점	6030
강남구	투썸플레이스 삼성로점	7200
성동구	피자헛 왕십리역점	6700
송파구	송파민병철어학원	6500
금천구	이랜드 파크 애슐리	6030
강남구	오가다 오토웨이점	6200
관악구	공차 서울대입구역점	6100
용산구	계절밥상 용산 아이파크몰점	7240
용산구	CJ올리브영 숙대점	7240
서초구	카페 크레마도로	6500
마포구	뚜레쥬르 마포도화점	6030
양천구	세븐일레븐	6300
마포구	스타벅스 합정점	6100
강남구	투썸플레이스 삼성로점	7200
강서구	㈜예일프라자	6100
구로구	㈜제니트리	6500
강남구	할리스커피 선릉 샹제리제점	6100
영등포구	365플러스당산유원점	6200
송파구	롯데리아 올림픽공원점	6130
구로구	맥도날드 구로디지털점	8500
강남구	미스터피자 선릉역점	6100
서초구	스타벅스 방배점	6100
종로구	이케맨	7000
강동구	아리스타커피 천호공원점	6030
중구	텍사쓰짬뽕	7000
서초구	버거킹 남부터미널점	7200
서초구	버거킹 남부터미널점	7200
서초구	버거킹 남부터미널점	7200
영등포구	㈜아워홈 트윈타워지점	6030
강서구	배스킨라빈스 우장산역점	6030
송파구	세븐일레븐 롯데월드몰수족관점	6030
강서구	더뻘	8000
중구	말근나주곰탕	7000
종로구	The Fresh Box 2호점	7200
동대문구	GS25신설으뜸점.	6100
서초구	버거킹 남부터미널점	7200
서초구	버거킹 남부터미널점	7200
송파구	롯데리아 올림픽공원점	6130
마포구	곱창전골	7000
송파구	롯데리아 올림픽공원점	6130
종로구	올리브영 세종로점(CJ올리브네트웍스)	7240
강남구	하츠코이오카	7500
강남구	맥도날드 강남점	6030
강동구	동원마트	6400
서초구	옥토버훼스트(서초점)	6500
용산구	국립박물관문화재단	6030
동대문구	멘도롱제주집(신설동점)	6500
강남구	한국맥도날드(유)강남점	7200
강남구	놀 피씨방	6500
영등포구	DETOXI(디톡시)	6500
송파구	롯데리아 올림픽공원점	6130
강남구	맥도날드	6030
용산구	그릴타이 용산아이파크몰점	7240
강남구	맥도날드	6030
강남구	맥도날드 강남점	6030
동대문구	GS25신설으뜸점.	6100
양천구	제이스	15000
노원구	배스킨라빈스 중계점	6030
송파구	쇼퍼랜드	6100
서초구	얼라이브	10000
강동구	올리브영 고덕점(CJ올리브네트웍스)	7240
금천구	타미하우스가산점	6500
관악구	한양소방안전 ㈜	6030
강남구	키친 미타니야 일식 레스토랑	7200
강남구	미타니야 타워팰리스점	7230
강남구	맥도날드	6030
강남구	맥도날드	6030
양천구	신규오픈38호점	6030
광진구	배스킨라빈스 화양삼거리점	7240
도봉구	배스킨라빈스쌍문역점	6030
성동구	애플독서실	6030
중구	모든아트	7000
영등포구	GS25	6600
노원구	제임스 키친	6030
강남구	맥도날드 강남점	6030
영등포구	인터라켄 PC방	6030
서초구	㈜한솥 미타니야 교대점	7000
강남구	CJ올리브영 강남대로점	7240
강남구	맥도날드 춘천명동점	7700
강남구	맥도날드 이마트목포점	7700
강남구	맥도날드 부평이마트점	7700
강남구	맥도날드 인천공항점	7700
동작구	롯데리아 노량진점	8000
서초구	GS25 서울팔래스점	6100
용산구	미타니야 동부이촌점	7200
성북구	더카페	6030
강동구	롯데리아 명일D/T점	6030
중구	카페 쎄리오 동국대학교점	6030
서초구	GS25반포대로점.	6200
동작구	동키타운 pc	6500
성동구	케빈오크	6030
강동구	악쓰는하마	6500
종로구	공차 동묘점	6100
종로구	더안게스트하우스&호스텔	8000
강동구	카페베네 강동구청점	6030
중랑구	㈜에너지짐휘트니스	7000
영등포구	써브웨이 여의도점	7000
마포구	비어헌터	6500
서초구	5구역 양재점	7000
서초구	GS25반포1점	6050
영등포구	VIPS 여의도점	7240
은평구	올리브영 연신내범서점 (CJ 올리브네트웍스	7240
중구	써브웨이순화동라마다점(경찰청 동북아역사	6300
구로구	파크짐휘트니스	6100
노원구	가람푸드써비스㈜	9000
송파구	24/7	6030
노원구	공릉한샘학원	7500
마포구	마포역  할리스	6030
관악구	엔제리너스 서울대입구점	6030
송파구	배스킨라빈스 방이시장점	6100
강서구	GS25염창신동아점	6030
강남구	CJ올리브영 강남시티점	7240
송파구	카페 빙빙빙 잠실 롯데월드 어드벤쳐	6300
종로구	보비아	10000
강남구	제이알씨중국어학원㈜	6500
구로구	이디야커피 신도림테크노마트점	6030
서초구	johney``s coffee	6300
양천구	CU 신월곰달래점	6030
강남구	쟌슨빌부대찌개	7500
서초구	스타벅스 논현역점	6100
강남구	맥도날드 삼성역점	7800
서초구	래미안문구팬시	6800
양천구	CU목동그린타운점	6030
중구	명동갤러리	7000
강서구	CU화곡곰달래점	6030
영등포구	커피볶는집(여의도 커피전문 점에서 함께 하	6500
은평구	GS25응암IS점	6030
광진구	GS25자양타워점	6030
송파구	스터디플래닛 올림픽센터 독서실	6030
광진구	GS25화양타운점	6030
강남구	맥도날드 한티역점	7200
강남구	맥도날드 대림점	7700
마포구	㈜이랜드파크 외식사업부	7240
동작구	롯데리아 노량진점	9000
양천구	액센트 현대백화점 목동점	6030
성동구	샤브앤돈 (샤브샤브&돌판구이)	7000
관악구	애슐리 서울대입구점	6700
종로구	종로3가 족의한수	7000
서초구	블루스카이	35000
강남구	블루스카이	35000
금천구	세븐일레븐가산에스티엑스브이타워점	6500
강남구	masseria(마세리아)	6500
광진구	세븐일레븐	6030
영등포구	올리버브라운코리아	6100
강서구	미니스톱공항입구점	6200
은평구	이니스프리 응암점	6030
강남구	CJ올리브영강남시티점	7240
강남구	버거킹 차병원사거리점	6030
강남구	버거킹 차병원사거리점	6200
송파구	더치앤빈문정점	6030
종로구	세븐일레븐 종로함춘원점	6100
중구	Boostercoffee (부스터커피)	6100
강남구	버거킹 차병원사거리점	6300
강남구	버거킹 차병원사거리점	6200
강남구	버거킹 차병원사거리점	6030
강남구	GS25신사로데오점	6500
강남구	야간얼큰우동포차	8000
종로구	세븐일레븐 종로율곡점	6100
중구	SM엔터테인먼트 DDP SUM	6300
관악구	본도시락 서울대입구역점	8000
영등포구	에듀독서실	6030
영등포구	에듀독서실	6030
강남구	롯데리아 선릉점	7600
관악구	롯데리아 구로디지털역점	9045
양천구	사이다(구 고스트캐슬) PC방	6030
중구	카페트리	6050
관악구	제노PC방(신대방점)	6200
구로구	홈플러스익스프레스	6030
관악구	세븐일레븐(낙성대점)	6200
강동구	써브웨이 강동성심병원점	6030
동대문구	화이트캣	8000
서초구	미소머금고(자바시티)	6030
관악구	스카이 피씨방	6100
용산구	크리스피크림도넛_ 남영역점	6030
강남구	현대백화점/본점	6100
송파구	육회공장	7000
강남구	GS당구장	8000
서초구	GS25 강남센터점	6100
광진구	그린라이트심쿵	6500
마포구	올리브영 상수역점	7240
서초구	배스킨라빈스 서초우성	6030
강남구	CJ올리브영 코엑스몰점(CJ 올리브네트웍스)	7240
용산구	크리스피크림도넛_ 남영역점	6030
중구	명가교동짬뽕	7000
서대문구	GS25북가좌제일점	6030
양천구	청솔학원 목동지점	6100
성북구	베브릿지(BeBridge)	7230
마포구	㈜이랜드파크 자연별곡 홍대점	6030
송파구	365플러스 송파방이점	6030
강동구	던킨도너츠	6030
중구	㈜레드아이	7300
중구	㈜레드아이	7300
강동구	GS25천호로뎀점	6500
동작구	CJ 올리브네트웍스 올리브영 숭실대입구역점	7240
영등포구	스타벅스 하이테크시티점	6100
강남구	향숙이	7000
마포구	또보겠지 떡볶이집 6호점	6500
관악구	맥도날드 사당역점	8000
강남구	- - - 더발렛 / 식당 - - -	8000
중랑구	롯데리아 면목중앙점	6130
마포구	하남돼지집 애오개역점	8000
중랑구	롯데리아 면목중앙점	6130
강남구	찬사랑	7500
마포구	자연별곡 홍대점	6030
서초구	KFC	6030
강남구	카페라임	6100
동대문구	일락 (이치라쿠)	6300
강남구	스타벅스 도곡역점	6100
금천구	VIPS 금천 홈플러스점	7240
마포구	위드미 공덕고리점	6100
송파구	치맥집	8000
마포구	CAFE JASS	6500
은평구	GS25구파발점	6100
용산구	미니스톱 이태원제일점	6100
광진구	아센 PC방	6200
송파구	이랜드 애슐리	7200
마포구	㈜그린에너지컴퍼니 용강주유소	6030
관악구	파리바게뜨	6030
서초구	GS25서초중앙점	6500
강북구	신규오픈21호점	6300
중랑구	올리브영 중랑점	6700
중구	㈜떼루와 동국대점	6500
용산구	타코벨	6030
강동구	맥도날드 서울둔촌DT점	7400
강남구	VIPS 도곡역점	7240
용산구	롯데리아 용산전자상가점	6030
마포구	밤스버거	6500
성동구	메콩타이 성수역점	6500
종로구	킹커피	6100
중구	버거킹 두산타워점	6030
중구	버거킹 두산타워점	6030
중구	버거킹 두산타워점	6030
마포구	올리브영 CGV상암점	7240
마포구	빈스플래닛	6200
마포구	플레이트 비(상암점)	7000
서대문구	외계인방앗간 가재울뉴타운점	6200
양천구	카페라리 목동점	6500
서초구	맥도날드 서초뱅뱅점	6030
영등포구	이디야커피	6100
종로구	주식회사 맨파워코리아	6500
서초구	가람푸드	7500
금천구	커피린(COFFEE LYN)	6200
강남구	카즈야	7000
영등포구	베트남쌀국수 포	7500
용산구	크리스피크림도넛_ 남영역점	6030
중구	파스쿠찌 서울시청점	6100
강남구	이디야 도산사거리점	6500
성동구	신세계푸드 자니로켓 성수점	6030
강남구	CJ올리브영 압구정로데오점 (CJ올리브네트웍	7240
송파구	㈜AMOJE	7600
서초구	GS25서초프라자점	6030
서초구	GS25서초프라자점	6030
용산구	크리스피크림도넛_ 남영역점	6030
관악구	롯데리아 구로디지털역점	9024
동작구	롯데리아 노량진점	9000
중구	맥도날드 명동점	6200
강남구	가로수길(신사역) / 신세계강남점 (고속터미	6500
관악구	롯데리아 신림역점	6030
관악구	엉터리생고기 서울대입구점	6700
동작구	레가타커피 노량진점	6200
강남구	뚜레쥬르	6200
중랑구	베스킨라빈스 중랑역점	6030
서초구	GS25서초팰리스점	6030
관악구	엉터리생고기 고시촌점	6700
광진구	경성함바그 건대점	6300
종로구	아름다운커피 창덕궁점	6800
강남구	이랜드월드 스파오 강남점	6800
관악구	GS25신림누리점	6300
광진구	올리브영 강변역점	7240
종로구	CJ 올리브네트웍스	7240
영등포구	GS25당산공원점	6300
서초구	롯데리아 서초역점	6030
강남구	피자헛 강남대치점	7000
송파구	스타벅스 송파아이파크점	6100
동대문구	TGIF 청량리역점	7250
강남구	크리스피크림도넛_ 대치점	7200
종로구	스시마시따 회전초밥	6100
종로구	윙스터디 종로종각점	6030
강서구	자연별곡	6030
광진구	베스킨라빈스군자점	6030
강동구	크리스피크림도넛_ 대치점	6030
서초구	왓슨스 양재역점	7300
강남구	투썸플레이스 강남대륭타워점	7240
관악구	맥도날드 사당역점	8000
강남구	미니스톱	6500
중구	치킨더플 충무로점	7000
성북구	배스킨라빈스 길음점	6030
종로구	킹커피	6100
중구	버거킹 두산타워점	6030
중구	버거킹 두산타워점	6030
중구	버거킹 두산타워점	6030
마포구	올리브영 CGV상암점	7240
마포구	빈스플래닛	6200
마포구	플레이트 비(상암점)	7000
서대문구	외계인방앗간 가재울뉴타운점	6200
양천구	카페라리 목동점	6500
서초구	맥도날드 서초뱅뱅점	6030
영등포구	이디야커피	6100
종로구	주식회사 맨파워코리아	6500
서초구	가람푸드	7500
금천구	커피린(COFFEE LYN)	6200
강남구	카즈야	7000
영등포구	베트남쌀국수 포	7500
용산구	크리스피크림도넛_ 남영역점	6030
중구	파스쿠찌 서울시청점	6100
강남구	이디야 도산사거리점	6500
성동구	신세계푸드 자니로켓 성수점	6030
강남구	CJ올리브영 압구정로데오점 (CJ올리브네트웍	7240
송파구	㈜AMOJE	7600
서초구	GS25서초프라자점	6030
서초구	GS25서초프라자점	6030
용산구	크리스피크림도넛_ 남영역점	6030
관악구	롯데리아 구로디지털역점	9024
동작구	롯데리아 노량진점	9000
중구	맥도날드 명동점	6200
강남구	가로수길(신사역) / 신세계강남점 (고속터미	6500
관악구	롯데리아 신림역점	6030
관악구	엉터리생고기 서울대입구점	6700
동작구	레가타커피 노량진점	6200
강남구	뚜레쥬르	6200
중랑구	베스킨라빈스 중랑역점	6030
서초구	GS25서초팰리스점	6030
관악구	엉터리생고기 고시촌점	6700
광진구	경성함바그 건대점	6300
종로구	아름다운커피 창덕궁점	6800
강남구	이랜드월드 스파오 강남점	6800
관악구	GS25신림누리점	6300
광진구	올리브영 강변역점	7240
종로구	CJ 올리브네트웍스	7240
영등포구	GS25당산공원점	6300
서초구	롯데리아 서초역점	6030
강남구	피자헛 강남대치점	7000
송파구	스타벅스 송파아이파크점	6100
동대문구	TGIF 청량리역점	7250
강남구	크리스피크림도넛_ 대치점	7200
종로구	스시마시따 회전초밥	6100
종로구	윙스터디 종로종각점	6030
강서구	자연별곡	6030
광진구	베스킨라빈스군자점	6030
강동구	크리스피크림도넛_ 대치점	6030
서초구	왓슨스 양재역점	7300
강남구	투썸플레이스 강남대륭타워점	7240
관악구	맥도날드 사당역점	8000
강남구	미니스톱	6500
중구	치킨더플 충무로점	7000
성북구	배스킨라빈스 길음점	6030
강남구	올리브영 역삼점(올리브네트웍스)	7240
서초구	㈜이랜드파크 외식사업부	7240
중구	신세계본점(회현역) / 가로수길(신사역)	7800
서대문구	시간공방	6030
서초구	맥도날드 양재 SK점	9045
영등포구	아웃백스테이크하우스 여의도점	7250
서초구	맥도날드 양재SK	6030
종로구	유쾌한발상	6030
관악구	GS25서원은혜점	6030
중랑구	베스킨라빈스/배스킨라빈스	7300
강남구	yesbar	40000
강북구	세진학원	20000
광진구	롯데리아 건대스타시티점	6030
서초구	이자카야나무(강남역3호점/서초)	7500
성동구	아리스타(서울숲점)	6700
강남구	㈜플레이	6500
마포구	올리브영 상암E&M점 (CJ 올리브네트웍스)	7240
강동구	㈜현대백화점	6100
구로구	GS25신도림점	7200
강남구	이자카야 열	9000
마포구	카페로비	6500
노원구	호치킨 하우스 노원역점	6200
금천구	아마스빈 가산 그레이트밸리점	6030
관악구	GS25봉천낙성	6030
강남구	맥도날드 화양리점	7700
강남구	맥도날드 코엑스점	7700
강동구	㈜현대백화점	6100
강남구	CJ올리브영 압구정로데오점 (CJ올리브네트웍	7240
동대문구	㈜바우하우스	6030
금천구	VIPS 금천 홈플러스점	7240
노원구	롯데리아 공릉역점	9045
마포구	하남돼지집 마포역점	7500
영등포구	투썸플레이스 동여의도점	7250
관악구	투썸플레이스서울대역중앙점	6030
용산구	스무디킹	6030
관악구	세븐일레븐 난곡법원단지점	6030
중구	세영이지㈜	7000
성북구	미니스톱	6100
용산구	크리스피크림도넛_ 남영역점	6030
종로구	CJ올리브영 종로1가점	7240
용산구	크리스피크림도넛_ 남영역점	6030
구로구	버들골이야기	6500
강남구	하나은행 압구정지점	6030
강서구	피자헛 화곡점	7300
구로구	피자헛 구로공단2호점	7300
종로구	CJ올리브영 종로1가점	7240
종로구	요거프레소 광화문 오피시아점	7000
노원구	씨유  노원상계중앙점	6050
강남구	버거킹(대치역점)	6030
구로구	롯데리아 신도림역점	6030
강북구	베스킨라빈스 미아역점	6030
관악구	롯데리아 구로디지털역점	6030
용산구	계절밥상 용산 아이파크몰점	7240
관악구	㈜한유에너지 행운주유소	6100
구로구	CU편의점(고대구로병원)	10000
강남구	유	10000
종로구	CJ올리브영 종로1가점	7240
영등포구	대림소망점	6400
마포구	롯데리아 홍대점	6100
마포구	마포도화	6030
동작구	마노핀	6100
강남구	샹떼pc방	6030
성동구	베이크스토리	6030
마포구	롯데리아 신촌로터리점	6030
성동구	미니스톱 성수2가점	6030
강북구	지에스25수유씨티빌점	7000
중구	육전면사무소(명동점)	7000
동대문구	미스터몽	7000
서초구	던킨도너츠	6030
관악구	투썸플레이스신림역점	6030
구로구	배스킨라빈스 개봉역사점	6100
송파구	투썸플레이스 잠실3단지점	6030
용산구	롯데리아 서울역사점	6600
서초구	스타벅스 논현역점	6100
영등포구	월남선생 당산점	6300
강남구	롯데리아 선릉점	6030
금천구	금천태양점	6030
동대문구	신규오픈39호점	6100
성동구	배스킨라빈스 (성동금호점)	6100
용산구	롯데리아 서울역사점	6600
강남구	역삼동 사무보조	6500
강남구	이디야 역삼상록점	6030
강서구	생활커피 가양점	6050
관악구	엔제리너스 대학동	6030
중구	롯데리아 롯데마트서울역사점	6030
용산구	롯데리아 서울역사점	6600
광진구	카페베네 구의역점	6030
송파구	라인스튜디오	70000
서초구	카페골목  pc cafe con 방	6100
양천구	meat shop	15000
강남구	투썸플레이스 코엑스메가박스점	7240
강남구	더치앤빈 강남역점	6100
관악구	피씨빈 (PC bin) 관악구청점	6300
노원구	맥도날드 상계DT점	8800
중구	지오다노 명동1점	7300
구로구	배스킨라빈스 개봉역사점	6100
강남구	보울앤보틀	7000
서초구	맥도날드	9045
서초구	맥도날드 양재 SK	6030
강남구	훼미리마트논현한미	6500
강서구	맥도날드	6030
마포구	치치(홍대점)	7000
관악구	롯데카드 관악지점	6030
강서구	생맥주가맛있day	7000
강남구	㈜마중	8000
성동구	세븐일레븐 한양대병원점	6030
중구	명동클럽28호텔레스토랑	8300
구로구	롯데리아 신도림역점	6030
중구	하남돼지집 마포역점	8000
금천구	계절밥상 가산 W MALL점	7240
용산구	계절밥상 용산 아이파크몰점	7240
서초구	커피홀	6200
도봉구	비어캐빈 쌍문점	6500
동작구	버거킹 사당역점	6100
용산구	GS25이태원힐점	6030
동작구	버거킹 사당역점	6100
중구	올리브영 신당점(CJ올리브네트웍스)	7240
용산구	라이너스바베큐	7300
송파구	바운플러스	7000
동작구	버거킹 사당역점	6030
동대문구	훈냉	6500
중구	주식회사 맨파워코리아	7500
동작구	버거킹 사당역점	6100
동작구	버거킹 사당역점	6030
중구	주식회사 에이랜드	7000
강서구	엔제리너스 롯데몰김포공항2호점	6030
노원구	재고조사	9045
중구	엔제리너스 서울역사점	6030
강남구	투썸플레이스 삼성로점	7200
중구	CJ 푸드빌 / 웨딩연회사업팀 인재원(웨딩)	7240
광진구	세븐일레븐	6030
송파구	GS25가든파이브점	6030
서초구	버거킹 교대역점	6030
동대문구	㈜바른F&C	6030
노원구	GS25 공릉제일점	6030
용산구	계절밥상 용산 아이파크몰점	7240
도봉구	GS25방학성원점	6030
송파구	맥도날드 신천점	7700
구로구	롯데리아 구로시장점	6030
용산구	하남돼지집 마포역점	7500
마포구	롯데리아 신촌로터리점	6130
강남구	세븐일레븐 삼성8호점	7000
마포구	이자카야 코이와	6500
광진구	CU 자양4동점	6030
금천구	계절밥상 가산 W MALL점	7240
용산구	계절밥상 용산 아이파크몰점	7240
서초구	커피홀	6200
도봉구	비어캐빈 쌍문점	6500
동작구	버거킹 사당역점	6100
용산구	GS25이태원힐점	6030
동작구	버거킹 사당역점	6100
중구	올리브영 신당점(CJ올리브네트웍스)	7240
용산구	라이너스바베큐	7300
송파구	바운플러스	7000
동작구	버거킹 사당역점	6030
동대문구	훈냉	6500
중구	주식회사 맨파워코리아	7500
동작구	버거킹 사당역점	6100
동작구	버거킹 사당역점	6030
중구	주식회사 에이랜드	7000
강서구	엔제리너스 롯데몰김포공항2호점	6030
노원구	재고조사	9045
중구	엔제리너스 서울역사점	6030
강남구	투썸플레이스 삼성로점	7200
중구	CJ 푸드빌 / 웨딩연회사업팀 인재원(웨딩)	7240
광진구	세븐일레븐	6030
송파구	GS25가든파이브점	6030
서초구	버거킹 교대역점	6030
동대문구	㈜바른F&C	6030
노원구	GS25 공릉제일점	6030
용산구	계절밥상 용산 아이파크몰점	7240
도봉구	GS25방학성원점	6030
송파구	맥도날드 신천점	7700
구로구	롯데리아 구로시장점	6030
용산구	하남돼지집 마포역점	7500
마포구	롯데리아 신촌로터리점	6130
강남구	세븐일레븐 삼성8호점	7000
마포구	이자카야 코이와	6500
광진구	CU 자양4동점	6030
강남구	CJ올리브네트웍스 올리브영 대치역점	7240
강남구	던킨도너츠 선릉공원점	6030
종로구	올리브네트웍스(올리브영) 종로2가점	7240
마포구	뚜레주르 합정역점	6100
마포구	바보와 여우	9000
서초구	스티브쥬스 서초방배점	7000
중구	던킨도너츠 파이낸스점	6030
송파구	샹떼PC방 문정점	6100
동대문구	크리스피크림도넛_ 롯데청량리점	6030
강남구	GS25골프존타워점	6500
종로구	CJ올리브네트웍스 올리브영 종로YBM점	7240
동대문구	크리스피크림도넛_ 롯데청량리점	6030
영등포구	올리브네트웍스/올리브영 여의도역점	7240
용산구	맥도날드 이태원점	6030
동대문구	크리스피크림도넛_ 롯데청량리점	6030
강남구	스타벅스 역삼포스코점	6100
중구	㈜에이엠컨설팅	7000
서초구	GS25서초교대역점	7100
강남구	맥도날드 춘천명동점	7700
강남구	맥도날드 이마트목포점	7700
강서구	㈜이랜드파크 외식사업부	7240
구로구	개봉역사점	7250
강남구	맥도날드 부평이마트점	7700
강남구	맥도날드 인천공항점	7700
강남구	투썸플레이스 논현역점	7230
영등포구	크리스피크림도넛_ 영등포점	6430
영등포구	엔제리너스 여의도공원점	6030
송파구	미니스톱 방이스타점	6100
동작구	롯데리아 노량진점	9000
강서구	등촌역점	6100
용산구	배스킨라빈스 용산CGV점	6030
서초구	미스터피자 서초점	6500
강남구	세븐일레븐 논현11호점	6500
강남구	GS25 대치명문점	6200
강남구	갤럭시PC방	6500
동작구	웅진독서실	6200
강남구	일본카레전문점 고씨네	7000
강서구	미스터피자 발산점	6030
강남구	피자헛 한티본점	7240
강남구	피자헛 도곡2호점	6030
노원구	제일제면소 중계홈플러스점	7240
중구	㈜아데코코리아	6500
영등포구	카페더이은	6500
용산구	써브웨이 SUBWAY 한남점	6100
마포구	재미난조각가	7200
강남구	엔제리너스 강남역사거리점	6030
강동구	롯데리아 명일D/T점	6030
강남구	엔제리너스 강남역사거리점	6030
강남구	맥도날드 대림점	7700
강남구	맥도날드 한티역점	7200
구로구	개봉역사점	7250
동작구	롯데리아 노량진점	9000
중구	쥬씨명보사거리점	6500
강동구	nIne Bar	30000
중구	㈜아데코코리아	7600
영등포구	훼미리마트신길역점	6200
강서구	롯데리아 롯데몰김포공항점	6030
서초구	미스터피자 서초점	6500
서대문구	현대백화점/신촌점	6100
서대문구	㈜현대백화점	6100
영등포구	GS25문래동국점.	6500
송파구	㈜에이치에스원인터내셔날	7000
구로구	훼미리마트 온수점	6200
마포구	포보 홍대점	7000
구로구	고마워케이크 구로	6100
용산구	롯데리아 서울역사점	6600
강남구	투썸플레이스 논현역점	7230
광진구	메니저 및 아르바이트모집	6030
용산구	롯데리아 숙대입구역점	6030
서대문구	롯데리아 홍제역점	6030
강남구	롯데리아 선릉점	7500
강남구	㈜이랜드파크 외식사업부	7240
용산구	Mint market 본사	6500
중구	세븐일레븐 두산타워점	6300
강서구	cu염창역점	6500
관악구	롯데리아 구로디지털역점	9024
마포구	GS25상암7단지점	6030
강남구	VIPS 도곡역점	7240
강남구	VIPS 도곡역점	7240
구로구	VIPS 구로역점	7240
은평구	엔제리너스 불광역점	6030
은평구	호디자인	7000
종로구	맥도날드 정동점	7000
영등포구	GS25당산현대점	6100
강남구	VIPS 도곡역점	7240
노원구	하남돼지집 수락산점	7500
용산구	동부이촌점이디야	6030
노원구	카카오PC방	6030
구로구	구로디지털점	6030
구로구	구로디지털점	6030
구로구	구로디지털점	6030
구로구	구로디지털점	6030
구로구	구로디지털점	6030
마포구	롯데리아 신촌로터리점	6130
강남구	소호17번지	7000
송파구	뚜레쥬르 배명사거리	6030
강남구	뚜레쥬르 강남역중앙점	6500
중구	버거킹 충무로역점	6100
은평구	커피존스	6050
관악구	맥도날드 사당역점	8000
중랑구	롯데리아 면목중앙점	6130
강서구	Cu염창역점	6500
용산구	이태원 미트패킹&탑펍앤이자카야	8000
강남구	gs25청담여신점	6100
강남구	계절밥상 코엑스몰점	7240
서초구	왓슨스 양재역점	7300
중랑구	롯데리아 면목중앙점	6130
중구	버거킹 충무로역점	6100
서초구	하남돼지집 강남포이점	8500
구로구	치킨시대 남구로점	7500
강남구	GS25	6030
구로구	GS25구로산성점	7050
마포구	굿타임24 편의점	6600
송파구	달심	7000
중구	7번가피자	8000
양천구	유명 유기농 식품회사 매장업무	6700
종로구	계절밥상 인사동점	7240
마포구	갈비살 음메	7000
영등포구	자이PC존	6400
강남구	마더구스	7000
강서구	주식회사 진탑시스템	6030
노원구	한국맥도날드(유)상계DT점	6030
마포구	갈비살 음메	7000
송파구	㈜이랜드파크 외식사업부	7240
성동구	싱싱오징어바다	7000
영등포구	c.u 편의점	6500
광진구	롯데리아 중곡점	6130
영등포구	정호테크㈜/글로와이드	6500
강남구	투썸플레이스 삼성로점	7200
강남구	CU 역삼지혜점	6500
강동구	성일초등학교	6800
강남구	왓슨스코리아 신논현역점	7300
마포구	스타벅스 애오개역점	6100
서초구	merci	6030
노원구	㈜토다이코리아 중계점	7236
용산구	㈜곤트란쉐리에 이태원점	6600
강남구	스타벅스 대치역점	6100
송파구	한진송파터미널/장지역3번출구/ 저녁4시간	7000
관악구	롯데리아 신림역점	6030
중구	맥도날드 명동점	6200
관악구	롯데리아 구로디지털역점	9045
동작구	롯데리아 노량진점	9000
노원구	하얌	7000
강북구	북서울꿈의숲  식음료팀	7150
마포구	살롱 드 레드	6500
영등포구	㈜신세계인터내셔날	6500
서초구	언더2그램 고로케	7000
강남구	이벤트핀	6500
구로구	스튜디오 연	70000
마포구	투썸커피 홍대테디점	10860
서초구	서초뱅뱅점 맥도날드	6030
용산구	오스타스시 용산아이파크몰점	7000
동작구	GS25노량스터디점	6500
마포구	알타미라	6500
용산구	서울연인 단팥빵 서울역점	7250
강북구	신규오픈21호점	6300
강북구	RABBIT B	6030
강북구	(재)세종문화회관 꿈의숲	7150
종로구	BHC종로본점	7000
노원구	총각네곱창가게	6100
중구	한화생명보험㈜	8000
서대문구	카페게이트 이대점/ 소공로북창점/종로구청	7236
용산구	GS25용산효창점	6030
송파구	롯데백화점 잠실점	6100
영등포구	크리스피크림도넛_ 영등포점	6030
영등포구	공수간 여의도점	6400
서초구	한울스터디	6030
강북구	SunShine LED	7000
광진구	제주돈통	6100
강남구	하이퍼리뷰	30000
은평구	스모어	6030
용산구	JR PUB	6500
송파구	코른베르그과자점	6030
송파구	SF 엔터테인먼트	6100
금천구	아이티휘트니스	7000
은평구	KT 공식대리점 VIP컴퍼니 구산사거리점	6030
강남구	663	7500
강남구	더치앤빈	6030
용산구	더 플라잉 팬 블루	6500
용산구	베이비기네스	7000
종로구	팀플레이예술기획㈜	6030
강남구	대치애플짐	7000
관악구	GS25 보라매타운점	6030
마포구	TNK바디스쿨	6030
종로구	㈜악어컴퍼니	6030
송파구	이랜드파크 코코몽 키즈랜드 송파점	6030
광진구	가온누리	7000
성북구	HC&T	6030
중구	토다이명동점	7236
서초구	GS25서초중앙점	6500
서초구	㈜곤트란쉐리에 강남역점	6700
서대문구	달려라 봉쥬비어	7000
금천구	아이티휘트니스	7000
은평구	KT 공식대리점 VIP컴퍼니 구산사거리점	6030
강남구	663	7500
강남구	더치앤빈	6030
용산구	더 플라잉 팬 블루	6500
용산구	베이비기네스	7000
종로구	팀플레이예술기획㈜	6030
강남구	대치애플짐	7000
관악구	GS25 보라매타운점	6030
마포구	TNK바디스쿨	6030
종로구	㈜악어컴퍼니	6030
송파구	이랜드파크 코코몽 키즈랜드 송파점	6030
광진구	가온누리	7000
성북구	HC&T	6030
중구	토다이명동점	7236
서초구	GS25서초중앙점	6500
서초구	㈜곤트란쉐리에 강남역점	6700
서대문구	달려라 봉쥬비어	7000
강남구	㈜네텐	8000
송파구	한국후지필름/포토큐브	7240
마포구	㈜천삼백케이	7240
강남구	㈜서울오션아쿠아리움	6500
금천구	세종컴퓨터기술㈜	7025
은평구	스파오/불광점	6300
용산구	롯데리아 서울역사점	6600
강서구	GS25등촌주공점	6300
광진구	쏠로포차 건대점	6100
강서구	대영당구장	6500
영등포구	씨레져	7000
용산구	㈜하시엔다 이태원점 la NUMERO	8000
중구	을지로3가 씨유	6200
서초구	알바몬	6030
구로구	죠스떡볶이 신도림역점	6500
송파구	투썸플레이스 잠실3단지점	6500
동대문구	㈜이랜드파크 외식사업부	7240
강동구	족발선생	7000
강남구	TRAFFIC	8000
서초구	온컴	10000
중구	차이나팩토리 제일제당센터점	7240
중구	뚜레쥬르청구역	6100
동대문구	인터프로셀㈜	6300
구로구	훅	7000
서초구	해커스어학원	7000
종로구	종로에스지(종로스크린골프)	7000
강남구	Cafe Le Petit   카페르쁘디	6500
은평구	KT 공식대리점 VIP컴퍼니 구산사거리점	6030
서대문구	달려라 봉쥬비어	7000
마포구	하남돼지집 마포역점	7500
중구	올리브영	6030
강남구	동해별관	8000
서초구	㈜곤트란쉐리에 강남역점	6700
중구	수비드 하우스	7000
강남구	엔제리너스 강남역사거리점	6030
종로구	치치 대학로점	7000
서초구	GS25서초팰리스점	6030
강남구	미스터도넛 지에스타워점	7000
동작구	CN 스카이 BAR/PUB	8000
강남구	베이스(BASS)	6500
노원구	롯데리아 공릉역점	6030
마포구	GS25동교사랑점	6100
용산구	크리스피크림도넛_ 남영역점	6030
서초구	㈜할리스에프엔비	6030
서초구	파리바게뜨 강남모나코점	6030
용산구	크리스피크림도넛_ 남영역점	6030
강남구	GS25대치삼성점	6030
용산구	계절밥상 용산 아이파크몰점	7240
관악구	롯데리아 구로디지털역점	9045
강남구	663	7500
송파구	피에프창 롯데월드몰/에렉스 에프앤비	7300
마포구	㈜ 넘버원 프로모션	8000
서초구	GS25서초팰리스점	6030
구로구	㈜디자인 비 아트	6500
강북구	고래(회해산물포차)	7000
강동구	new도쿄별밤	6500
중구	㈜오픈찬스	6030
송파구	앤하우스	6030
성동구	㈜오션크리너스	6100
서초구	남오토코 방배점	7000
중랑구	딜라이트커뮤니케이션즈	6030
동작구	㈜KG패스원	7000
서초구	서초뱅뱅맥도날드	6030
송파구	투썸플레이스 잠실3단지점	6500
강남구	엔제리너스 강남역사거리점	6030
서초구	㈜코리아나화장품	7000
종로구	하늘pc방	6500
용산구	서울역 kfc 파트너 모집합니다	7400
양천구	홈플러스익스프레스 신정2점	6430
서초구	서초에이프릴어학원	7300
마포구	비턴	7500
강남구	테라이엔씨㈜/테라피트니스라운지클럽	6500
금천구	GS25금천구청점	6500
중랑구	일본계열 재고조사 에이지스(서울)	9045
강남구	일본계열 재고조사 에이지스(서울)	9045
성동구	동부주유소	6500
송파구	바보스 개롱역점	6500
마포구	㈜이랜드파크 외식사업부	7240
금천구	GS25시흥대로점	6030
마포구	㈜정안티에스	6030
성동구	씨유 행당한진점	6200
강남구	와이스파치오	7000
성북구	고대3POP 피시방	6500
관악구	미니스톱 신림양지점	6100
송파구	엔제리너스 잠실롯데월드몰B1점	6030
구로구	GS25고척세곡점	6030
관악구	와라와라신림1호점	6800
은평구	꼼주락	6500
동작구	양계장집아들 장승배기점	6500
영등포구	애니타임	6030
서초구	양계장집아들 방배본점	6500
노원구	탕수육582	6500
광진구	소금바다/강변점	7000
강남구	미카	6500
서초구	오가다 선릉점	6030
강남구	김덕후의곱창조	7500
영등포구	로꼬로꼬 조개찜 (영등포직영점)	7000
송파구	공차 롯데월드어드벤처점	6100
마포구	위티비	6500
송파구	Caffe CONGA	6100
강남구	위드미삼성119	6100
송파구	아이비스 송파구청점	7000
은평구	개성보쌈응암(서부)점	7000
동작구	빽다방 신대방삼거리점	6200
구로구	네츄럴	6100
금천구	제이제이타이	6100
종로구	촌	7200
강서구	굽모닝숯불바베큐	6100
강남구	타미하우스  역삼점	6100
관악구	투썸플레이스 사당역점	6030
강남구	강남 나즈드라비 본점	7500
영등포구	마루돈가	6500
서대문구	오늘통닭	6500
중랑구	㈜기지에너지	6200
송파구	엔제리너스	6030
송파구	엔제리너스	6030
송파구	엔제리너스 잠실롯데월드몰B1점	6030
송파구	엔제리너스 잠실롯데월드몰B1점	6030
금천구	GS25독산사랑점	6030
강남구	GS25논현미래점	6100
강남구	GS25논현영동시장점	6100
노원구	객잔차이나	6100
서대문구	오늘통닭	7000
구로구	맥도날드 신도림테크노점	6080
강서구	쎄시봉	8000
강동구	위드미 올림픽공원북문점	6030
강남구	강남 크림비어	6500
서대문구	청춘싸롱	6800
성북구	오븐마루 한성대점	6500
서초구	맥주고	6500
중구	아롬드카페	7700
양천구	탐앤탐스목동점	6030
중구	하남돼지집 동대문1호점	7000
송파구	제노PC방	6500
강남구	오니기리와 이규동	6030
광진구	칠성포차	6500
관악구	더후라이팬 서울대입구역점	6700
서초구	자연별곡	7000
중구	세븐일레븐을지로지하상가점	6200
종로구	마사인더가렛	6300
송파구	㈜믹존스에프앤비	6300
중랑구	치킨뱅이	6100
중구	365플러스 신당장충점	6500
종로구	㈜비어할레	6800
영등포구	아리스타	8000
구로구	파리바게트 오류역점	6030
동작구	한우리고시원&독서실	6030
동대문구	세븐일레븐 이문경희점	6030
마포구	무봤나촌닭	6500
강남구	카니발피자강남1호점	7000
광진구	쿠시	7000
송파구	최상	7000
강남구	CU 수서나산점	6500
강남구	뱃고동	7000
중랑구	중랑역점롯데리아	6030
강남구	에메필 강남2호점	7200
용산구	쥬씨 숙대입구역점	6500
동작구	인터라켄 PC방	6800
동작구	사이버팰리스pc방	6500
노원구	sioko	6100
서대문구	GS25연대2점	6030
강남구	GS25역삼효성점	6100
은평구	엔제리너스 불광역점	9015
강남구	GS25논현드림점	6600
강남구	자주포차	7000
동대문구	아이센스 PC방	6300
관악구	㈜이랜드파트/자연별곡 서울대입구점	7200
중랑구	싸다구	7000
동대문구	이디야 (동부병원사거리점)	6200
강남구	포차어게인	7000
강남구	메가로스쿨 ㈜ 강남N캠퍼스	6100
서초구	꼬지사께 방배점	7000
강남구	락 플스방	6100
노원구	브레드원	6100
강서구	파리바게트염창점	6030
송파구	비비큐 프리미엄카페 (직영)	7230
강남구	하남돼지집	8000
강서구	GS25 등촌NC	6400
노원구	브레드원	6100
송파구	와리가리 PC방	6300
강남구	청담 우선생/압구정	10000
동대문구	누나홀닭	6500
강남구	역삼 브라운돈까스	7000
강서구	짚신매운갈비찜 강서구청점	6500
송파구	탐앤탐스(올림픽남문점)	6030
강남구	오르막길	7000
영등포구	신도림 삼성 리빙텔	6030
구로구	청춘포차	6500
중랑구	오븐마루	7000
금천구	스위티피씨방독산점	6300
은평구	엔제리너스 불광역점	6030
강남구	코드케이	9000
마포구	큐앤구당구클럽	7000
양천구	아싸닭	6500
송파구	왕노가리 호프	7000
강남구	kemicoffee	7000
강동구	등갈비달인	6500
노원구	강호동678치킨	6100
구로구	세븐일레븐	6030
강남구	GS25역삼효성점	6100
은평구	엔제리너스 불광역점	9015
강남구	GS25논현드림점	6600
강남구	자주포차	7000
동대문구	아이센스 PC방	6300
관악구	㈜이랜드파트/자연별곡 서울대입구점	7200
중랑구	싸다구	7000
동대문구	이디야 (동부병원사거리점)	6200
강남구	포차어게인	7000
강남구	메가로스쿨 ㈜ 강남N캠퍼스	6100
서초구	꼬지사께 방배점	7000
강남구	락 플스방	6100
노원구	브레드원	6100
강서구	파리바게트염창점	6030
송파구	비비큐 프리미엄카페 (직영)	7230
강남구	하남돼지집	8000
강서구	GS25 등촌NC	6400
노원구	브레드원	6100
송파구	와리가리 PC방	6300
강남구	청담 우선생/압구정	10000
동대문구	누나홀닭	6500
강남구	역삼 브라운돈까스	7000
강서구	짚신매운갈비찜 강서구청점	6500
송파구	탐앤탐스(올림픽남문점)	6030
강남구	오르막길	7000
영등포구	신도림 삼성 리빙텔	6030
구로구	청춘포차	6500
중랑구	오븐마루	7000
금천구	스위티피씨방독산점	6300
은평구	엔제리너스 불광역점	6030
강남구	코드케이	9000
마포구	큐앤구당구클럽	7000
양천구	아싸닭	6500
송파구	왕노가리 호프	7000
강남구	kemicoffee	7000
강동구	등갈비달인	6500
노원구	강호동678치킨	6100
구로구	세븐일레븐	6030
송파구	7ELEVEN 종합운동장역점	6200
서대문구	세븐일레븐 홍제 세검정로길점	6030
송파구	꿀다방 잠실본점	6100
송파구	공차 신천점	6500
강북구	에이제이 포테이토 하우스	6200
중랑구	다락	6500
종로구	4.5평 우동집	7000
강남구	계절밥상 코엑스몰점	7240
영등포구	오븐마루문래점	8000
강남구	다빈치호프	7500
강서구	교다이	7000
강남구	㈜ 영명 도쿄사이카보(일본요리)	7500
마포구	뉴욕야시장	7000
강남구	파리바게트 역삼상록점	7000
동대문구	이디야커피 답십리사거리점	6030
성북구	CIEL	6100
성동구	석관동 떡볶이 왕십리점	6500
강남구	세븐일레븐 삼성8호점	7000
용산구	경리단포차	7000
용산구	화산공	7000
송파구	으리pc방	6100
강남구	꼬꼬댁갈비(강남점)	7000
마포구	하남돼지집 애오개역점	8000
용산구	계절밥상 용산 아이파크몰점	7240
노원구	㈜이랜드파크 외식사업부	7240
동대문구	빛나는바다장안점	6500
도봉구	치어스 도봉구청점	7000
마포구	윤수김밥	6500
은평구	맥도날드 구산점	6300
종로구	치킨더비종로청계점	7000
노원구	세븐일레븐 공릉금강점	6030
종로구	엠엠티에이치100	6500
강남구	㈜코코로키친	7300
송파구	착한명태	7000
중구	통파이브 약수역점(신당동) 맥주전문점	6500
강서구	나노갈매기등촌점	6500
송파구	씨제이푸드빌㈜	7240
종로구	귀젤맥주창고	7000
중구	파리바게뜨	6300
서초구	엉터리생고기사당역점	8000
영등포구	GS 25 영등포	6030
강북구	커피에반하다[미아점]	6300
용산구	두끼(숙대점)	6100
영등포구	펀비어킹	7000
강남구	주)깐부 청담점	7000
강남구	이디야 커피 선릉점	6300
용산구	gs25용산전자타운점	6030
광진구	피자에땅	6100
용산구	GS25용산전자회관점	6500
구로구	카페베네신도림TM점	6030
마포구	몬스터브로스 커피	6100
도봉구	늑대와영웅PC방	6030
중구	에쎄레젤라또 명동성당 본점	6300
양천구	오딧세이	6500
성북구	맘스터치 동덕여대점	6500
강서구	매드포갈릭 롯데몰 김포공항점	7300
동작구	싸움의고수 노량진점	7000
영등포구	슈퍼커피국제금융로점	6200
동작구	별헤는 밤	7000
서대문구	하남돼지집 마포역점	8000
구로구	롯데리아 신도림역점	7500
영등포구	계절밥상 여의도IFC점	7240
서대문구	롯데리아 홍제역점	6030
송파구	크리스피크림도넛_잠실롯데월드몰점	6030
강동구	로드PC방	6100
양천구	한국맥도날드 (유) 신월DT점	6030
광진구	영희마트편의점	6100
광진구	청담이상 워커힐점	7250
강북구	탑pc방 미아점	6100
영등포구	다사랑치킨호프	6500
성동구	에버PC카페	6500
강서구	케그비어화곡2호점	6100
관악구	PC CLUB	6100
관악구	미스터피자/서울대점	6100
강동구	청년다방 강동구청점	7200
양천구	버디골프존	6500
강남구	공차 역삼점	6030
영등포구	이디야 영등포구청점	6030
강남구	역삼사거리 쥬씨	7300
종로구	사발-광화문	8000
성북구	영철버거	7000
동대문구	하게	6500
금천구	가산 OST	7250
강남구	세븐일레븐 역삼개나리점	6500
동작구	GS25 사당남사점	6030
중랑구	바락 맥주창고	6600
송파구	㈜서울문고	6100
강남구	주)깐부 청담점	7000
송파구	츠키미	7000
관악구	훌랄라 숯불 바베큐	6500
광진구	겐로쿠우동	6300
동작구	써브웨이(서브웨이) 숭실대점	6030
종로구	수제카페차담소	7000
구로구	샌드데이	6500
금천구	㈜예쉬컴퍼니	7000
광진구	구석탱이 건대점	6500
강남구	주)깐부청담점	7000
구로구	달봉비어	6500
서초구	미니스톱 서초 남부점	6030
중랑구	탐스비어	6500
용산구	GS25 동자플래티넘	6300
서초구	미니스톱 서초 이오빌점	6030
양천구	365플러스 양강사랑	6100
강남구	세븐일레븐	6030
강남구	미미면가	7000
은평구	소담촌DMC점	6200
강서구	치킨매니아	7000
서대문구	브로이하우스	6800
강남구	주)깐부 청담점	7000
강남구	주)깐부 청담점	7000
송파구	크리스피크림도넛_잠실롯데월드몰점	6030
송파구	크리스피크림도넛_잠실롯데월드몰점	6030
송파구	크리스피크림도넛_잠실롯데월드몰점	6030
서초구	와라와라사당2호점	7000
관악구	육쌈냉면	6030
동대문구	고기야미안해	6500
송파구	교촌치킨 문정법조점	7500
용산구	Bull&Barrel	7000
영등포구	오렌지스크린	6030
서초구	위드미/메리어트점	7730
강북구	피씨빈 삼양점	6100
구로구	㈜에스트 코나야점	7000
강동구	이디야 올림픽북문점	6030
서초구	카츠네 치킨	7000
강남구	가인볼링센터 강남점	8000
마포구	착한식당(홍대)	7000
송파구	땅땅치킨 석촌역점	6500
관악구	익스트림pc방	6030
구로구	투앤디플레이스	6100
강서구	등뜨리화닭발	6500
관악구	써브웨이 샌드위치 서울대점	6030
양천구	SUSHI TORA	6500
성북구	베스킨라빈스 성북종암점	6030
동작구	KFC보라매	6030
동대문구	PCCUS PC방	6400
서초구	요거프레소 우면동점	6500
중랑구	조개만땅	6500
노원구	브레댄코	6050
서대문구	호식이두마리치킨 북가좌1호점	7500
구로구	CU공단오거리점	6700
서대문구	파리바게뜨가재울래미안	6100
구로구	사이버팰리스	6030
성북구	불타는 쭈꾸쭈꾸	6030
광진구	의미더하기	6030
강남구	카페 943-24	6300
중랑구	PC&달인	6100
강남구	아리스타 역삼2호점	6030
마포구	디저트39	6030
서초구	슈퍼스타 코인 노래연습장(강남역점)	7300
마포구	교촌치킨 아현점	7500
서초구	커피베이 양재역점	7240
강남구	세븐일레븐 역삼타운점	6500
노원구	새우꺾기노원점	7000
강남구	카페훈	6500
서대문구	롯데리아 서대문역점	7000
서대문구	롯데리아 서대문역점	7000
동대문구	준코노래타운(장안점)	8000
송파구	홍짜장삼전점	6030
중랑구	(유)아웃백스테이크하우스	6520
서대문구	교촌치킨 북가좌점	8000
용산구	파스쿠찌 용산아이파크몰점	6030
영등포구	꾼노리 영등포점	7500
중랑구	금계찜닭 묵동자이점 ㈜디엔엠	6500
종로구	더레스토랑	7000
강남구	카페마마스 가로수길점	7240
중구	서브웨이회현점	6030
관악구	화통삼 난곡점	6030
강동구	메콩타이고덕역점	6030
노원구	카카오PC방	7000
서대문구	그램그램북가좌점	7000
마포구	자마이카 왕	7000
마포구	신마포갈매기 마포구청점	6500
중랑구	카페베네홈플러스면목점	6030
관악구	포석 닭볶음탕	6500
금천구	마리웨일 마카롱 가산 현대 아울렛점	6300
노원구	지플러스PC방	6100
강서구	마뇨떡볶이까치산역점	6200
서초구	웰빙텔양재점	6030
강남구	꼴깍	7500
은평구	맘스터치 갈현점(연신내점)	6200
강동구	성내Self주유소	6030
강남구	밍고식스 신사점	6030
금천구	던킨도너츠 현대아울렛점(구 가산하이힐점)	7000
금천구	카페알루	7300
광진구	㈜서울문고	6100
은평구	오징어청춘(연신내점)	6800
구로구	신상하이포차	7000
영등포구	이디야 여의나루역점	6030
관악구	클로비스pc방	6030
서대문구	롯데리아 서대문역점	7000
노원구	새우꺾기노원점	7000
강남구	카페훈	6500
서대문구	롯데리아 서대문역점	7000
서대문구	롯데리아 서대문역점	7000
동대문구	준코노래타운(장안점)	8000
송파구	홍짜장삼전점	6030
중랑구	(유)아웃백스테이크하우스	6520
영등포구	꾼노리 영등포점	7500
중랑구	금계찜닭 묵동자이점 ㈜디엔엠	6500
종로구	더레스토랑	7000
강남구	카페마마스 가로수길점	7240
중구	서브웨이회현점	6030
관악구	화통삼 난곡점	6030
강동구	메콩타이고덕역점	6030
노원구	카카오PC방	7000
서대문구	그램그램북가좌점	7000
마포구	자마이카 왕	7000
마포구	신마포갈매기 마포구청점	6500
중랑구	카페베네홈플러스면목점	6030
관악구	포석 닭볶음탕	6500
금천구	마리웨일 마카롱 가산 현대 아울렛점	6300
노원구	지플러스PC방	6100
강서구	마뇨떡볶이까치산역점	6200
서초구	웰빙텔양재점	6030
강남구	꼴깍	7500
은평구	맘스터치 갈현점(연신내점)	6200
강동구	성내Self주유소	6030
강남구	밍고식스 신사점	6030
금천구	던킨도너츠 현대아울렛점(구 가산하이힐점)	7000
금천구	카페알루	7300
광진구	㈜서울문고	6100
은평구	오징어청춘(연신내점)	6800
구로구	신상하이포차	7000
영등포구	이디야 여의나루역점	6030
관악구	클로비스pc방	6030
서대문구	롯데리아 서대문역점	7000
서대문구	롯데리아 서대문역점	7000
서대문구	롯데리아 서대문역점	7000
중구	하남돼지집 마포역점	7500
강남구	피자헛 도곡2호점	7600
서대문구	신촌당구장	6030
강동구	GS25 천호하이츠	6030
서초구	맥도날드 서초뱅뱅점	6030
금천구	불불이족발 시흥본점	7000
노원구	커브스 노원클럽	7000
노원구	Lime PC Cafe	6100
서대문구	통큰갈비	6800
노원구	치킨매니아수락리버시티점	6500
강남구	치킨&펍 압구정역점	7500
강서구	크리스피크림도넛	7130
구로구	롯데리아 구로시장점	6030
관악구	롯데리아 구로디지털역점	6030
강북구	투썸플레이스 미아테라스파크점	6030
종로구	도노베아토	7000
종로구	커피팩토리	6500
강남구	이자까야 탄	7000
강동구	기발한치킨(올림픽공원점)	6500
송파구	세븐PC	7200
마포구	그린라이트	10000
마포구	쭈퐁 홍대점	6500
강남구	다이닝이자카야 무무	8500
서초구	마피아쥬스 교대점	7236
금천구	㈜키즈러브 마리오아울렛점	6100
서초구	㈜방배현대오일뱅크.	6500
도봉구	마쯔무라 돈까스 방학점	6030
마포구	(게스트하우스) Hostel KW Hongdae	7236
성북구	미니스톱 장위점	6030
강서구	cu 화곡이슬점	6100
강북구	포인트당구장	6100
종로구	삼형제쭈꾸미 대학로점	6700
관악구	오렌지	6500
종로구	Qplus 멀티방	6200
중랑구	통큰후라이	6500
광진구	오징어마을	8000
마포구	커피케어	6500
종로구	북촌빙수	6050
동작구	파스쿠찌 숭실대점	6100
강동구	커피베이 강동구청점	6300
관악구	MUG 공대	7000
강남구	GAME FACTORY	6400
송파구	㈜마리코키친 제2롯데월드	7500
노원구	몽땅호프	6500
중랑구	카페베네 먹골역점	6500
양천구	뮤엠영어 시드니캠퍼스	7000
관악구	롯데리아 구로디지털역점	6030
성동구	우리비즈플랫폼㈜	10000
성북구	노블레스 타워	7590
관악구	㈜할리스에프엔비	6030
관악구	롯데리아 구로디지털역점	9045
용산구	엔제리너스 숙대입구점	6030
관악구	롯데리아 구로디지털역점	9024
강남구	맥도날드 춘천명동점	7700
강남구	맥도날드 이마트목포점	7700
강남구	맥도날드 부평이마트점	7700
강남구	맥도날드 인천공항점	7700
성북구	마노핀 안암역점	6030
구로구	버거킹 구로점	7400
강남구	뚜레쥬르	6200
마포구	내맘대로 폰케이스	7000
송파구	Joy(조이)	20000
동대문구	투썸플레이스 답십리사거리	6030
동작구	롯데리아 노량진점	9000
강남구	맥도날드 한티역점	7200
강남구	맥도날드 대림점	7700
서초구	롯데리아 선릉점	7500
강남구	㈜코롭	7000
강동구	VIPS 올림픽점	7240
강남구	스타벅스 차병원사거리점	6100
송파구	롯데리아 홈플러스잠실점	6030
동작구	롯데리아 노량진점	8000
강남구	스타벅스 도곡역점	6100
서대문구	롯데리아 홍제역점	6030
서대문구	롯데리아 홍제역점	6030
서초구	롯데리아 선릉점	7500
강서구	㈜이랜드파크 외식사업부	7240
마포구	㈜이랜드파크 외식사업부	7240
강북구	신규오픈21호점	6300
구로구	㈜정목교육	6500
동대문구	롯데리아 외대역점	9040
강남구	GS25서울라마다점	6800
동작구	롯데리아 노량진점	8000
중랑구	롯데리아 면목중앙점	6130
송파구	롯데리아 신천점	6030
관악구	맥도날드 사당역점	8000
송파구	롯데리아 신천점	6030
송파구	롯데리아 신천점	6030
송파구	롯데리아 신천점	6030
송파구	롯데리아 신천점	6030
강남구	버거킹 강남파이낸스점2	6030
강남구	버거킹 강남파이낸스점2	6030
은평구	㈜이랜드파크 외식사업부	7240
마포구	마포역 할리스	6030
광진구	롯데리아 중곡점	6030
동작구	롯데리아 노량진점	8000
관악구	롯데리아 신림역점	6030
관악구	롯데리아 구로디지털역점	6030
마포구	롯데리아 신촌로터리점	6030
중구	맥도날드 명동점	6200
강동구	GS25길동미래점	6030
강남구	GS25도곡양재점	6800
구로구	GS25구로아울렛점	6030
송파구	롯데리아 롯데백잠실광장점	6030
송파구	TGIF 잠실점	7250
동작구	롯데리아 노량진점	9000
강남구	맥도날드 강남점	6030
강남구	미성엠프로㈜	6600
송파구	TGIF 잠실점	7250
송파구	TGIF 잠실점	7250
송파구	롯데리아 신천점	6030
마포구	롯데리아 신촌로터리점	6030
금천구	맥도날드 가산디지털역점	6030
중구	㈜브라운컨설팅	7500
노원구	크리스피크림도넛_ 노원점	6030
강남구	VIPS 도곡역점	7240
서초구	롯데리아 사당점	6030
중구	명동갤러리	7000
서초구	엔제리너스 강남역점	9000
노원구	뚜레쥬르 중계브라운점	6030
강남구	[직영]투썸플레이스 코엑스몰점	7240
송파구	GS25가든파이브점	6030
용산구	계절밥상 용산 아이파크몰점	7240
중구	스타벅스 순화동더샵점	6100
동작구	롯데리아 노량진점	9000
서대문구	GS25북가좌제일점	6030
도봉구	미스터피자 창동점	6030
영등포구	크리스피크림도넛_ 영등포점	6430
관악구	롯데리아 구로디지털역점	9024
영등포구	감성 유리다방	6100
마포구	GS25합정성산점.	6500
송파구	롯데리아 신천점	7400
광진구	알촌 건국대	7000
서대문구	크리스피크림도넛_ 신촌점	6030
서대문구	크리스피크림도넛_ 신촌점	6030
강남구	스타벅스 강남역점	6100
금천구	계절밥상 가산 W MALL점	7240
용산구	계절밥상 용산 아이파크몰점	7240
서대문구	롯데리아 홍제역점	6030
마포구	하남돼지집 마포역점	8000
도봉구	버거킹 쌍문점	6030
도봉구	버거킹 쌍문점	6030
도봉구	버거킹 쌍문점	6700
강서구	롯데리아 신김포공항점	6030
마포구	롯데리아 신촌로터리점	6130
도봉구	버거킹 쌍문점	6700
도봉구	버거킹 쌍문점	6700
서초구	투썸강남삼성타운점	7240
용산구	롯데리아 서울역사점	6600
송파구	롯데리아 올림픽공원점	6130
구로구	롯데리아 구로시장점	8130
서대문구	하남돼지집 마포역점	7500
중랑구	롯데리아 면목중앙점	6130
강남구	GS25청담삼익점.	6030
구로구	크리스피크림도넛_ 메세나폴리스점	6030
중랑구	롯데리아 면목중앙점	6130
중랑구	롯데리아 면목중앙점	6130
중랑구	롯데리아 면목중앙점	6130
중랑구	롯데리아 면목중앙점	6130
용산구	크리스피크림도넛_ 원효로커미서리점	7000
용산구	크리스피크림도넛_ 원효로커미서리점	7000
중랑구	롯데리아 사가정역점	9045
강남구	맥도날드 이마트목포점	7700
서초구	㈜할리스에프엔비 (센트럴시티점)	6030
강남구	엔제리너스 강남역사거리점	6030
강남구	맥도날드 춘천명동점	7700
서초구	롯데리아 사당점	6130
강남구	맥도날드 인천공항점	7700
강서구	롯데리아 염창점	6030
강서구	롯데리아 염창점	6030
송파구	뚜레쥬르 송파황실점	7240
강남구	맥도날드 부평이마트점	7700
강남구	맥도날드 당산점	7700
강남구	맥도날드 대림점	7700
강남구	롯데리아 선릉점	7500
동작구	롯데리아 노량진점	9000
강남구	맥도날드 한티역점	7200
강남구	롯데백화점 강남점	6100
관악구	GS25서울대관악사점	6700
강남구	투썸플레이스 강남대륭타워점	7240
광진구	J bar	10000
용산구	롯데리아 서울역사점	6600
용산구	롯데리아 서울역사점	6600
관악구	롯데리아 선릉점	7500
강남구	롯데백화점 강남점	6100
중랑구	왓슨스 상봉역점점	7300
강서구	푸드오클락 김포공항점 홀/캐셔 모집 (씨제	7300
송파구	㈜파란해	8000
중구	세영이지㈜	7800
관악구	롯데리아 신림역점	6030
용산구	롯데리아 서울역사점	6600
강남구	스타벅스 도곡역점	6100
관악구	롯데리아 구로디지털역점	6030
금천구	맥도날드 가산디지털역점	6030
마포구	롯데리아 신촌로터리점	6030
송파구	롯데리아 신천점	7400
송파구	롯데리아 신천점	7400
송파구	롯데리아 신천점	6030
송파구	롯데리아 신천점	7400
송파구	롯데리아 신천점	7400
송파구	롯데리아 신천점	7400
동작구	버거킹 노량진점	6030
동작구	버거킹 노량진점	6030
광진구	롯데리아 군자점	6030
동작구	버거킹 노량진점	6030
영등포구	GS25영동초교점.	6030
용산구	계절밥상 용산 아이파크몰점	7240
관악구	롯데리아 세이브마트점	6030
송파구	롯데리아 홈플러스잠실점	6030
금천구	계절밥상 가산 W MALL점	7240
중구	롯데리아 롯데마트서울역사점	6030
중구	투썸플레이스 예금보험공사점	7240
용산구	계절밥상 용산 아이파크몰점	7240
서초구	하남돼지집 서초교대점	7000
송파구	롯데리아 신천점	7400
강서구	왓슨스 염창역점	7300
광진구	롯데리아 건대역점	9200
광진구	롯데리아 건대역점	9200
광진구	롯데리아 건대역점	9200
강남구	왓슨스코리아 신논현역점	7300
서대문구	롯데리아 홍제역점	6030
용산구	계절밥상 용산 아이파크몰점	7240
구로구	롯데리아 구로시장점	6030
영등포구	왓슨스 코리아 국회의사당역점	7300
중구	투썸플레이스 예금보험공사점	7240
성북구	GS25국민사랑점	6500
용산구	씨제이푸드빌㈜	7240
강서구	롯데리아 염창점	6030
광진구	롯데리아 중곡점	6130
구로구	롯데리아 구로시장점	8130
마포구	하남돼지집 마포역점	7500
영등포구	스타벅스 당산역점	6100
영등포구	할리스 보라매역점	6030
송파구	롯데리아 올림픽공원점	6130
서대문구	크리스피크림도넛_ 신촌점	6030
서대문구	크리스피크림도넛_ 신촌점	6030
중랑구	롯데리아 사가정역점	9045
관악구	롯데리아 선릉점	7500
강남구	엔제리너스 역삼GS타워점	9000
성북구	크리스피크림도넛_ 명동예술극장점	6030
성북구	크리스피크림도넛_ 명동예술극장점	6030
성동구	㈜삼익디엔씨 투썸플레이스 금호 하이리버점	6030
도봉구	롯데리아 홈플러스방학점	6030
영등포구	크리스피크림도넛_ 영등포점	6430
서초구	마노핀 교대역점	6030
송파구	TGIF 잠실점	7250
송파구	TGIF 잠실점	7250
구로구	롯데리아 구로시장점	8130
중구	용우동(동국대점)	6500
영등포구	마리웨일 마카롱 선유도점	6300
노원구	와라와라 석계점	6500
서초구	gs25 반포사랑점	6500
강동구	스시코우 길동점	6500
강남구	감성캠핑 맥주창고	6500
금천구	메이플치킨&비어(가산디지털단지역점)	6500
강남구	뚜레쥬르 강남역중앙점	6500
강서구	롯데리아 롯데몰김포공항점	6030
동대문구	커피베이 용두점	6100
영등포구	슈퍼커피 여의도역점	6300
강서구	CJ푸드빌/빕스 등촌점	7240
노원구	와라와라 공릉점	6500
송파구	크리스피크림도넛_잠실롯데월드몰점	6030
송파구	크리스피크림도넛_잠실롯데월드몰점	6030
구로구	세븐일레븐	6030
양천구	대반전	7000
중구	포반트랑	6500
송파구	준 당구클럽	6300
영등포구	계절밥상 여의도IFC점	7240
송파구	크리스피크림도넛_잠실롯데월드몰점	6030
중랑구	놀부부대찌개 상봉점	6030
관악구	스터디움독서실(봉천)	6030
송파구	아이비pc방	6300
강동구	씨푸드박스	7000
송파구	크리스피크림도넛_잠실롯데월드몰점	6030
송파구	크리스피크림도넛_잠실롯데월드몰점	6030
성동구	별빛주막	6500
송파구	홍짜장삼전점	6030
송파구	비비큐 프리미엄카페 (직영)	7230
금천구	가산치킨철파니야	7000
중랑구	롯데리아 사가정역점	9045
송파구	포베이 잠실점	6030
강남구	갤럭시PC방	6500
관악구	GS25 관악한빛점	6300
동작구	롯데리아 노량진점	8500
마포구	그 남자의 볶음밥	6500
송파구	파리바게뜨 파크리오2호점	6030
영등포구	세븐일레븐	6300
노원구	피자마루	6200
은평구	참치를 품다	7000
중랑구	맥도날드	6030
노원구	파리바게뜨 화랑대역점	6030
용산구	롯데리아 서울역사점	6600
서초구	롯데리아 사당점	6030
종로구	㈜세븐스프링스 광화문점	7240
강북구	CU 미아 율곡점	6030
용산구	롯데리아 숙대입구역점	6030
강동구	롯데리아 명일D/T점	6030
강서구	해누리	7000
종로구	지에스25종로안국점	6030
강남구	CU신사프리미어점	6100
성동구	롯데리아롯데마트행당역점	6030
관악구	바르미 샤브뷔페	7000
성북구	뉴욕버거 하월곡점	6500
동대문구	로운 청량리점	6300
종로구	자작나무이야기	6300
중구	투썸플레이스 예금보험공사점	7240
관악구	롯데리아 신림역점	6030
마포구	피자헛 성산3호점	7500
강남구	coffeenie	6500
종로구	월매네	7000
마포구	Plan B	6500
종로구	월매네 주막	7000
종로구	경성함박	7000
노원구	롯데리아 공릉역점	6030
서초구	MR.JK	7000
강동구	바르다김선생  고덕역점	6100
송파구	아이비pc방	6300
강동구	씨푸드박스	7000
송파구	크리스피크림도넛_잠실롯데월드몰점	6030
송파구	크리스피크림도넛_잠실롯데월드몰점	6030
성동구	별빛주막	6500
송파구	홍짜장삼전점	6030
송파구	비비큐 프리미엄카페 (직영)	7230
금천구	가산치킨철파니야	7000
중랑구	롯데리아 사가정역점	9045
송파구	포베이 잠실점	6030
강남구	갤럭시PC방	6500
관악구	GS25 관악한빛점	6300
동작구	롯데리아 노량진점	8500
마포구	그 남자의 볶음밥	6500
송파구	파리바게뜨 파크리오2호점	6030
영등포구	세븐일레븐	6300
노원구	피자마루	6200
은평구	참치를 품다	7000
중랑구	맥도날드	6030
노원구	파리바게뜨 화랑대역점	6030
용산구	롯데리아 서울역사점	6600
서초구	롯데리아 사당점	6030
종로구	㈜세븐스프링스 광화문점	7240
강북구	CU 미아 율곡점	6030
용산구	롯데리아 숙대입구역점	6030
강동구	롯데리아 명일D/T점	6030
강서구	해누리	7000
종로구	지에스25종로안국점	6030
강남구	CU신사프리미어점	6100
성동구	롯데리아롯데마트행당역점	6030
관악구	바르미 샤브뷔페	7000
성북구	뉴욕버거 하월곡점	6500
동대문구	로운 청량리점	6300
종로구	자작나무이야기	6300
중구	투썸플레이스 예금보험공사점	7240
관악구	롯데리아 신림역점	6030
마포구	피자헛 성산3호점	7500
강남구	coffeenie	6500
종로구	월매네	7000
마포구	Plan B	6500
종로구	월매네 주막	7000
종로구	경성함박	7000
노원구	롯데리아 공릉역점	6030
서초구	MR.JK	7000
강동구	바르다김선생  고덕역점	6100
동작구	오케이포차 이수역점	7000
양천구	씨유 목동역점	6500
영등포구	에버그린스크린골프	7000
중구	투썸플레이스 서소문점	7240
강남구	누나홀닭 선릉아이파크	7000
금천구	맥도날드 가산디지털역점	6030
마포구	요코소야 상암점	6030
금천구	가장맛있는족발 가산디지털역점	7000
마포구	국제식당	6100
성북구	도미노피자 동소문점	7800
용산구	맛있는놀이터외식사업부㈜	7000
동대문구	누구나홀닦반한닭	7500
영등포구	미니스톱/당산포스빌점	6300
동작구	롯데리아 노량진점	9000
동작구	롯데리아 노량진점	9000
동작구	롯데리아 노량진점	8000
관악구	롯데리아 홈플러스남현점	6030
마포구	롯데리아 신촌로터리점	6030
중구	㈜브라운하우스커피 남산점	6300
송파구	미니스톱 잠실본점	6030
광진구	화이트캐슬(체인점)	6030
용산구	파브리크 FABRIK 이태원	7000
종로구	SUBWAY(성대점)	6030
구로구	생활맥주	6500
양천구	왓슨스코리아 파리공원점	7300
광진구	명품푸드	8000
은평구	엘에스씨푸드/선일여자고등학교	7400
노원구	ILLIMANI	6030
동대문구	칠성포차 경희대점	7000
강서구	큐브PC방	6300
중구	쌍림매점	6300
강남구	하남 돼지집 강남구청점	7000
강남구	커피볶는집	6030
서초구	서울고등학교 급식실 가람푸드써비스㈜	7500
성동구	한양대 황소곱창	6500
강남구	맥도날드	6030
강남구	CU(훼미리마트)/논현APEX점	6500
강남구	맥도날드	6030
서대문구	GS연세시티점	6500
성북구	㈜스킨센트	6500
구로구	㈜아리랑콜서비스	9000
강남구	카페스위트룸	6100
강남구	세븐일레븐	7000
영등포구	cu(구훼미리마트)문래벤처점	6300
영등포구	화통삼 영등포 8가점	7000
강북구	파리바게뜨미아중앙점	6030
성북구	돈가스pc방	6100
강서구	브레댄코 까치산	6030
중구	산쪼메 동국대점	6500
송파구	파파존스 송파구청점	8000
광진구	닌자초밥 군자점	6500
성북구	락휴노래연습장 고대안암점	6030
송파구	파파존스 송파점	6030
송파구	탑학습능력개발보습학원	10000
동작구	3pop Pc카페	6300
강남구	더테이블	6500
성북구	엔플pc방	6500
서초구	메종드앙팡	6500
강남구	한솥도시락 개포4동점	7240
금천구	㈜이에이티코리아	7000
강서구	bhc까치산역점	6500
강서구	구공탄곱창	6500
영등포구	휘 당구클럽	8000
은평구	JK쇼핑	7000
강남구	마노핀 익스프레스 압구정역점	6300
강남구	노란꼬무줄	6100
송파구	로봇김밥 롯데월드점	7000
동작구	곱창의 전설 노량진점	6500
서초구	타미하우스 반포점	6300
강서구	뚜레쥬르 강서수명산점	6300
종로구	디오브루잉㈜	7700
광진구	건대 더짝	6500
양천구	목동 황금해물찜	7000
송파구	커피베이 장지역점	6300
노원구	3pop PC Cafe	6100
용산구	GS25 이태원점	7000
종로구	지유가오카핫쵸메(JIYUGAOKA 8丁目)	6500
종로구	종각역 샤브오 (샐러드 뷔폐 &샤브)	7000
동대문구	전농동 로마루PC방	6100
강남구	락앤웍	7500
마포구	Thursday Party	7000
서초구	커핀그루나루 서초구청점	6100
성동구	와와	6500
강동구	맥도날드 서울둔촌DT점	7400
광진구	세븐일레븐 광장점	6100
노원구	와라와라노원점	6300
중구	코바코 신당점	6500
성동구	파리바게트 왕십리 무학점	6030
서초구	홍익스크린골프아카데미	7000
영등포구	펀비어킹 영등포구 영등포구청앞점	6500
종로구	맥쓰 MEXX  종로점	7500
강남구	스타일㈜	7000
도봉구	CU쌍문덕성점	6030
서초구	파리바게뜨 내곡지구점	6030
강동구	커핀그루나루	6200
서초구	아리스타 서초점	6030
마포구	참치동생	7000
마포구	GLT장학학원	7000
도봉구	누나홀닭 쌍문역점	6300
노원구	3pop(광운점)	6100
마포구	이영	30000
서대문구	로데오 진스	6030
마포구	광계토숯불바베큐	7300
성북구	파파존스피자 돈암점	7500
서대문구	홍제 로데오진	6030
강동구	짝태&노가리	7000
영등포구	더카페엔 여의도백화점	7000
서초구	파파존스피자방배점	7500
서대문구	로데오진	6030
동작구	롯데리아 노량진점	6030
영등포구	빨간모자피자여의도	7500
동대문구	카페 마로네 회기역점	6100
송파구	갤러리 PC신천본점	6500
용산구	cj 올리브영 아이파크몰점	6200
도봉구	북새통	6500
마포구	이디야	7000
강북구	맥도날드 미아역점	6800
용산구	㈜캘리스코 사보텐 용산점	7200
용산구	신마포갈매기 효창공원앞역점	6500
강동구	에이컷 스테이크 올림픽점	6700
용산구	㈜캘리스코 사보텐	7200
영등포구	투썸커피여의도cgv점	7240
서대문구	다사랑치킨	7500
광진구	gs25	6030
용산구	캘리스코 사보텐	6500
성북구	본도시락성신여대점	6500
강동구	아이센스 PC 길동	6100
용산구	㈜켈리스코 사보텐	7200
광진구	후쿠오카 함바그 건대점	6500
노원구	투썸플레이스 노원역점	6030
중구	엔테이블	7300
용산구	㈜캘리스코 사보텐	7200
강서구	㈜제이에스민트-롯데몰 김포공항점	6200
용산구	사보텐	7200
강북구	뉴욕핫도그앤 커피(수유점)	6500
성동구	GS25 옥수점	6500
성북구	베스킨라빈스	6030
서초구	지원스크린	7000
용산구	사보텐	7200
강서구	맥도날드	7500
용산구	사보텐	7200
강남구	애플짐 강남점	6100
강남구	세븐일레븐 대치본점	7000
마포구	쿠켄치킨 - 홍대점	7000
용산구	사보텐	7200
강남구	세븐일레븐	6100
마포구	미스터밥	6800
용산구	㈜캘리스코 사보텐	7200
광진구	코코이찌방야 건대스타시티점  평일 아르바	7240
중구	스무디킹 서울역사점	6030
중랑구	맥도날드	6030
강남구	퓨로쥬스	7000
마포구	㈜세븐일레븐	6030
강동구	엉터리생고기무한리필 길동점	6500
영등포구	맛.닭,꼬	6030
구로구	버거킹 구로점	7400
서초구	라임	7000
강서구	맥도날드 등촌점	7000
구로구	버거킹 구로점	7620
강남구	조스샌드위치	6300
성북구	세븐일레븐 월곡우남점	6030
성북구	세븐일레븐 월곡동덕여대점	6030
동대문구	세븐일레븐 동대문답십리점	6030
마포구	㈜BLNF/젤라리소 마포염리점	6100
종로구	플러스커피앤코	6400
강서구	이랜드파크/자연별곡	6030
강동구	바디팩토리24	6030
동대문구	GS25전농그린점	6030
송파구	월남선생 방이역점	6500
구로구	VQ창의미술퍼포먼스	12000
용산구	㈜캘리스코 사보텐	7200
영등포구	투썸커피여의도cgv점	7240
서대문구	다사랑치킨	7500
광진구	gs25	6030
용산구	캘리스코 사보텐	6500
성북구	본도시락성신여대점	6500
강동구	아이센스 PC 길동	6100
용산구	㈜켈리스코 사보텐	7200
광진구	후쿠오카 함바그 건대점	6500
노원구	투썸플레이스 노원역점	6030
중구	엔테이블	7300
용산구	㈜캘리스코 사보텐	7200
강서구	㈜제이에스민트-롯데몰 김포공항점	6200
용산구	사보텐	7200
강북구	뉴욕핫도그앤 커피(수유점)	6500
성동구	GS25 옥수점	6500
성북구	베스킨라빈스	6030
서초구	지원스크린	7000
용산구	사보텐	7200
강서구	맥도날드	7500
용산구	사보텐	7200
강남구	애플짐 강남점	6100
강남구	세븐일레븐 대치본점	7000
마포구	쿠켄치킨 - 홍대점	7000
용산구	사보텐	7200
강남구	세븐일레븐	6100
마포구	미스터밥	6800
용산구	㈜캘리스코 사보텐	7200
광진구	코코이찌방야 건대스타시티점  평일 아르바	7240
중구	스무디킹 서울역사점	6030
중랑구	맥도날드	6030
강남구	퓨로쥬스	7000
마포구	㈜세븐일레븐	6030
강동구	엉터리생고기무한리필 길동점	6500
영등포구	맛.닭,꼬	6030
구로구	버거킹 구로점	7400
서초구	라임	7000
강서구	맥도날드 등촌점	7000
구로구	버거킹 구로점	7620
강남구	조스샌드위치	6300
성북구	세븐일레븐 월곡우남점	6030
성북구	세븐일레븐 월곡동덕여대점	6030
동대문구	세븐일레븐 동대문답십리점	6030
마포구	㈜BLNF/젤라리소 마포염리점	6100
종로구	플러스커피앤코	6400
강서구	이랜드파크/자연별곡	6030
강동구	바디팩토리24	6030
동대문구	GS25전농그린점	6030
송파구	월남선생 방이역점	6500
구로구	VQ창의미술퍼포먼스	12000
서초구	파리바게트 까페 방배 까페 골목점	6030
성북구	풍년상회	7000
서대문구	데코르떼	6500
구로구	미스터피자 개봉오류점	7000
양천구	칠백식당	7500
관악구	이디야커피 서울대중앙점	6050
강서구	이랜드파크 자연별곡	6030
서대문구	세븐일레븐 연대기숙사점	6030
노원구	참치세상	6500
관악구	가마로강정녹두거리점	6500
구로구	아리스타 구로디지털 2호점	6100
동작구	서가앤쿡 이수점	6500
강동구	파리바게트 둔촌진흥점	6050
동대문구	삼팔강땡(휘경점)	6500
마포구	RADIO GARDEN	6500
서초구	달콤커피 양재점	6030
중랑구	마로니에호프	7000
동대문구	에비뉴엘노래방	6500
강동구	악쓰는하마	6500
동대문구	cafe satu	6030
마포구	파리바게트	6030
송파구	진스토리	6050
광진구	앤티앤스프레즐,건대점	6300
은평구	미샤 화장품 녹번점	6100
종로구	셰프의초밥	7000
마포구	Drink Box(드링크박스)	8000
서대문구	빈스빈스 충정로점	6700
광진구	더메이즈던전	6500
구로구	파리바게뜨	6030
중구	이디야	6030
강서구	서편제	6500
송파구	제일제면소 올림픽공원점	7240
마포구	뚜레쥬르마포아현점	6030
강남구	버거킹 대치점	6030
금천구	맥도날드 가산디지털역점	6030
은평구	피자몰 불광점	6030
서초구	두루두루	7500
강서구	BHC 양천향교역점	7500
동대문구	삼춘커피	10000
강남구	버거킹 대치점	6030
강남구	버거킹 대치점	6030
노원구	구워요치킨	7000
동작구	GS25 이수자이점	6030
동작구	쉼표	6100
노원구	봉구스밥버거(서울과학기술대점)	6100
영등포구	쓰리팝	6100
구로구	㈜에스트 코나야점	7000
구로구	베이크스토리	6030
은평구	㈜준영메디칼	6500
동작구	요란 상도약수터점	7000
서초구	이디야커피서울고교점	6030
광진구	해오름	6500
송파구	세븐일레븐	6030
서초구	맥도날드 서초뱅뱅점	6030
양천구	보리상회목동점	6500
은평구	탑학원	10000
노원구	미팅	6500
강남구	록키마운틴팩토리 삼성점	6100
성동구	파리바게뜨(왕십리역사)	6100
강동구	비바폴로 열매점	6100
관악구	딸기PC방	6200
금천구	GS25	6100
영등포구	스튜디오 오브제	70000
마포구	이디야커피 서교동점	6030
종로구	SOOSA 광화문점	7200
송파구	치맥집	8000
종로구	GS25 종로 관훈점	6030
용산구	달콤봉다리	6100
중구	1872포커스스크린골프	6500
영등포구	난장 포차카야	7000
서초구	이디야서초역점	6500
양천구	365플러스 신월금호점	6100
강동구	화이트엔젤	6100
종로구	우리마트(동대문점)	6500
송파구	GS25 잠실엘스점	6100
마포구	파리바게트 KCC웰츠점	6030
관악구	엘가커피 낙성대점	6200
관악구	쌈장	6500
서초구	La Callas 라칼라스	6500
강남구	강남 크림비어	6500
성북구	HTM한테크미디어㈜	10000
동작구	꿀꾸랄라	7000
강서구	화곡역 맛거리	7500
동작구	벤츠 bar	30000
구로구	스킨푸드 구로AK플라자	6300
관악구	불불이족발	6500
송파구	홍대 꼼보포차 신천 직영점	7500
영등포구	벤츠 bar	30000
강남구	청담이상(차병원점)	7000
중구	티원피시카페(약수점)	6300
마포구	노크	7500
용산구	Coffee TERMINI	7500
송파구	브라이트치과의원	10000
강북구	미아삼거리역점 파리바게트	6100
금천구	깜닭치킨	7000
강남구	맥도날드 강남점	6030
성동구	블리스저니	6500
도봉구	아이비스pc신도봉점	6500
중구	동국대학교 생활협동조합	6800
동작구	위드미전문건설회관점	6030
강남구	마마쥬스 강남점	6500
강북구	꽃집Beer	6100
강남구	봉구비어신사역점	7200
마포구	롯데리아 홍대점	6030
강서구	착한장어나라	6030
관악구	THEPC & CAFE(더PC방)	6800
송파구	gs25석촌호수	6300
영등포구	CJ 푸드월드 올리브 마켓 STAFF 모집/	7230
마포구	이탈리안 레스토랑 보나베띠 공덕역점	6030
서대문구	맘스터치 신촌점	6700
영등포구	미니스톱(신길)	6600
영등포구	여의도골프존	7500
은평구	야래향	8000
관악구	로이드신림점	6030
서초구	엔제리너스 사당역점	6030
구로구	신호탄(천왕점)	6100
강서구	돈오야	6100
서초구	카페1.618	6100
성북구	성북면사무소	6030
종로구	뉴욕핫도그	6100
강남구	푸드앤소울 주식회사	7000
종로구	할아버지돈가스	7100
강북구	수유점 맥도날드	6030
성동구	원더그릴(구76mile)	6500
강서구	그래그래 치킨펍	6500
송파구	세븐일레븐송파점	6030
강남구	Unknown Office (언노운 오피스)	7200
양천구	맥스존	6100
관악구	닭꼬치피었습니다	6500
마포구	정무관 초밥&참치	7500
강남구	㈜카페루카코리아	7320
영등포구	GS25 S신풍역점	6030
강남구	SOAN186	8000
종로구	뉴문	7000
강서구	곱창폭식	6500
서대문구	꽃잎 (펍&호프)	7000
광진구	주말야간세븐건대스타시티점	6500
서대문구	플러스24편의점	6030
서초구	강남역 키친수다	7500
마포구	어른이대공원	7000
강남구	파리바게트대치은마점	6030
금천구	파리바게뜨 독산점	6030
마포구	콩가루 홍대점	7000
송파구	버거킹 올림픽상가점	7500
송파구	버거킹 올림픽상가점	7500
송파구	버거킹 올림픽상가점	7500
송파구	버거킹 올림픽상가점	7500
서초구	파리바게트	6030
강동구	커피베이 강동구청점	6300
마포구	누사 (NUSA)	7000
영등포구	Jubilee chocolatier	6100
송파구	버거킹 올림픽상가점	7500
은평구	타임고릴라	6100
종로구	이랜드파크외식사업부/수사 광화문 D타워점	7200
마포구	굿피쉬(토프레소 서교점)	6030
양천구	목동 현대 백화점 스몰매직	6030
동대문구	마미스치킨	6500
관악구	wasso(와쏘)	6500
강서구	쿨럭(발산역점)	6100
강남구	85st coffee	7000
성북구	xeno PC	6500
강북구	청춘문방구 수유점	6100
송파구	호치킨 하우스	6500
종로구	판장	7000
송파구	㈜이랜드파크 외식사업부 리미니	6700
강서구	아쿠아pc방	6200
서초구	㈜커피빈코리아 강남역142호점	6030
송파구	롯데리아 송파삼전점	6030
서대문구	[공덕역주변]에스오일본사 직원식당	7590
서대문구	[신촌]연세대학교 학생식당	7590
성북구	도시포차	7000
은평구	한국맥도날드 연신내점	6030
영등포구	GS25	6600
구로구	르사이공 지밸리몰	7000
종로구	본죽	6100
광진구	7번가피자 구의점	7500
성동구	디초콜릿커피 서울숲점	6050
강남구	미니스톱	6500
금천구	빌리엔젤마리오아울렛	6200
성북구	오카이(okai)	6500
강남구	cafe collabo sandwich&coffee	6100
종로구	마루티샵	6500
중구	세븐일레븐	6030
동작구	㈜식의 보일드브로커리보라매점	6800
강남구	더 발렌티 청담	6500
송파구	이디야 가든파이브영관점	6100
관악구	칠성포차(사당점)	7000
강남구	코코이찌방야	7600
강남구	CU역삼시티점	6700
강남구	브라운돈까스	6100
성동구	장가(차이니즈레스토랑)	7000
영등포구	꼬륵 수제도시락	8000
광진구	제노PC방(현 7PC방)	6300
강서구	연합안전컨설팅㈜	10000
금천구	교촌치킨가산디지털점	8000
송파구	㈜레전드야구존	7500
은평구	맥도날드 구산점	8300
성북구	미니스톱  고대원룸점	6100
도봉구	애슐리	6030
강남구	NATA O BICA 가로수길점, 디저트 카페	6500
서초구	CU 반포한신점	6030
용산구	호식이두마리치킨후암점	8000
강남구	㈜영풍문고 코엑스몰점	6030
종로구	애슐리	7400
서초구	청담동 크림비어	7000
강남구	바디쉐프	7000
종로구	차알 광화문 디타워점	7000
중구	이디야커피	6500
중구	제노PC방 신당점	6300
영등포구	씨유 여의도KCC점	6500
금천구	맥도날드 시흥 DT점	8900
강남구	강남역 커피브러리	7236
강동구	H&M / 하남 오픈멤버모집	7875
강서구	다정원 정육식당	7500
마포구	멀티플러스 홍대점	6500
송파구	이디야 송파동점	6030
성북구	신규오픈11호점	6030
강남구	크롬바커하우스 강남점	7500
중랑구	치킨뱅이	6100
강북구	로마루 삼양	6100
강남구	드코닝	7000
광진구	봉구스 밥버거	6100
마포구	롯데리아 신촌로터리점	6130
서대문구	갤러리pc방	6200
종로구	계절밥상 인사동점	8200
광진구	더후라이팬강변역점	6030
강동구	로이드/천호점	7000
강남구	Holics	7000
강동구	반한 찬by금슬	6500
서초구	투썸플레이스	7300
강남구	미니스톱 삼성베스트점	6100
강동구	오봉도시락 상일점	6500
광진구	청춘부르스 광장점	7000
동작구	노량진역점 CU	6030
광진구	청춘부르스 강변점	7000
노원구	세븐일레븐 당고개점	6030
구로구	엔제리너스 구로디지털점	6030
마포구	설빙 홍대점	6500
동작구	11번가	6500
강남구	H&M	7785
동대문구	머랭	6030
서초구	베스킨라빈스교대역점	6100
구로구	착한커피	6100
강동구	도도참치	6300
서대문구	갤러리pc방	6200
종로구	계절밥상 인사동점	8200
광진구	더후라이팬강변역점	6030
강동구	로이드/천호점	7000
강남구	Holics	7000
강동구	반한 찬by금슬	6500
서초구	투썸플레이스	7300
강남구	미니스톱 삼성베스트점	6100
강동구	오봉도시락 상일점	6500
광진구	청춘부르스 광장점	7000
동작구	노량진역점 CU	6030
광진구	청춘부르스 강변점	7000
노원구	세븐일레븐 당고개점	6030
구로구	엔제리너스 구로디지털점	6030
마포구	설빙 홍대점	6500
동작구	11번가	6500
강남구	H&M	7785
동대문구	머랭	6030
서초구	베스킨라빈스교대역점	6100
구로구	착한커피	6100
강동구	도도참치	6300
광진구	와라와라 건대1호점	6500
서초구	카페파스타 교대점	6500
구로구	주식회사 비투더비	6500
동작구	명동찌개마을 이수점	7000
광진구	주민커피	7300
서초구	하루나베	7000
마포구	Feelingphoto	70000
용산구	엔제리너스 서울역KTX점	6030
은평구	파리바게트(은평진관점)	6300
관악구	손가네한방족발	8000
관악구	세븐당구장	6030
중구	할리스커피 동대문문화공원점	6200
마포구	와우당구장	7000
강남구	kanival pizza 강남2호점	7000
강동구	한일어학원	6500
송파구	현대씨앤알 서울아산병원(주차)사업장	6900
영등포구	한화호탤앤드리조트 문화사업본부	6500
강남구	㈜플러스씨스	7230
구로구	H&M	7785
강남구	㈜돈존	7500
구로구	가리봉 편의점( 개인  )	6030
용산구	CU 용산지오베르크	6030
영등포구	한화호탤앤드리조트 문화사업본부	6500
마포구	중앙통신	6100
양천구	그램그램 신정네거리점	6500
강남구	비어테라스	8000
종로구	루시스타 종각역점	6200
서초구	GS25잠원신화점	6100
성동구	이디야커피 성동구청점	6030
종로구	cu종로효자	6030
송파구	뚜레쥬르 송파황실점	7240
강남구	깐부치킨 청담자이점	6500
은평구	에잇리젠드	7000
강남구	야쿤코리아	7200
용산구	레프트코스트	6500
광진구	3POP PC방 건대점.	7000
강동구	천호역 파트너노래방	6530
금천구	맥도날드 가산디지털역점	6030
송파구	H&M	7785
강북구	H&M	7875
중랑구	H&M	7875
용산구	㈜윤성정보통신	6030
광진구	화요비(화양점)	7000
강북구	호아빈 수유점	6030
강서구	쥬씨 우장산역	6030
송파구	카페루고 가든5 지점	6030
서초구	더 플라잉 팬 레드	6500
송파구	신천 석관동떡볶이	7000
강동구	세븐일레븐 강동와이시티점	6030
강남구	버거킹 강남진솔점	6030
강남구	버거킹 강남진솔점	6030
강동구	오가네	7000
구로구	파리바게뜨 온수남부점	6030
서초구	교대원동점 세븐일레븐	6050
서초구	폴스커피 Paul``s Coffee	6030
성동구	오븐에빠진닭	7000
양천구	스킨푸드 목동이마트점	6030
강남구	훼미리마트논현한미	6500
종로구	징크	7000
노원구	퍼니링크pc방(노원본점)	6500
마포구	wiz	30000
강남구	버거킹 강남진솔점	6030
강남구	버거킹 강남진솔점	6030
강남구	버거킹 강남진솔점	6030
영등포구	wiz	30000
서초구	자스서초점(커피전문점)	6500
강남구	포타워	7000
강남구	육쌈냉면	7000
영등포구	프로킹당구장	7000
용산구	세븐일레븐	6030
종로구	써브웨이 광화문점	6500
영등포구	㈜애디스다이렉트	6100
중구	H&M	7785
강남구	커피베이	6500
영등포구	알엠비엔터테인먼트	6030
영등포구	H&M	7875
광진구	H&M	7875
중구	단풍나무집 명동점	7000
서대문구	파리바게트 동교삼거리점	6030
영등포구	그리너리	9000
송파구	세븐일레븐 석촌카페점 삼전중앙점	6200
종로구	둘둘치킨 종로5가점	7000
강남구	매머드커피 선릉점	6500
강남구	카페마마스 역삼점	7240
광진구	다사랑치킨	6500
서초구	양재SK DT점 맥도날드	8300
동작구	세븐일레븐 동작남성점	6030
강동구	안녕	7000
중구	401레스토랑	7000
관악구	쥬씨신림역점	6300
성북구	노리파크	6300
강남구	메디앤케어	6300
노원구	제임스 키친	6030
용산구	한강대교 노들견우,직녀카페	6100
강남구	버거킹 선릉역점	6030
송파구	㈜ 엠에스네츄럴	7000
양천구	비영이짝태	6300
강서구	㈜Pro-One(BlackEagles), ㈜GTM	7000
종로구	고기꾼 김춘배	8000
중구	에잇세컨즈/명동2호점	8000
용산구	뉴경성	20000
성동구	하나카드	7000
구로구	뉴욕버거 이마트 구로점	6500
용산구	라이너스바베큐	7500
용산구	라이너스바베큐	7500
강서구	H&M	7875
송파구	H&M	7875
영등포구	프리가	7500
동대문구	㈜해드림/프리가	7240
송파구	설빙 석촌호수서호점	7000
광진구	건대  카페 뚜레쥬르	6100
관악구	스터디움독서실(봉천)	6030
도봉구	배스킨라빈스 방학홈플러스점	6030
강남구	초이스렌탈	7000
강서구	브레드모리	6200
중구	브릭하우스	6030
송파구	세븐PC	7200
용산구	㈜담연	7300
서초구	예성 당구장	7000
노원구	세븐일레븐 태능입구역점	6200
종로구	공차 동묘점	6100
마포구	홍대에비뉴	6500
중구	마리온코리아/두산타워점	6030
용산구	청년장사꾼열정도감자집	6300
강동구	피자헛 강동3호점	7900
서대문구	할리에프엔디	6030
용산구	아웃백스테이크하우스 n이태원점	7250
마포구	카페 드 고릴라 / 빈사이드	6100
마포구	y.com	6100
강남구	아리스타커피 국기원점	6700
관악구	맥주바켓 신림녹두거리점	6300
서대문구	커피디지신촌점	6100
영등포구	코와핀전경련점	6030
구로구	세븐일레븐 남구로시장점	6030
성동구	투썸플레이스 성수역점	6100
성북구	3POP PC방 한성대점	6100
서초구	핫썬치킨 강남역점	7500
강남구	주식회사엘아이케이	6030
서대문구	로스꼬꼬 신촌점	6900
강남구	GS25청담삼익점.	6030
성동구	롯데리아 답십리점	8000
종로구	아빈씨어터	10000
서초구	듀란킴 에이전시	6500
마포구	파리바게트(공덕캐슬점)	6030
강서구	호치킨 강서한강자이점	6800
서초구	메가박스 센트럴시티점	7236
송파구	숯불직화꼬치	7000
영등포구	현우상사 IFC몰 여의도점 몽블랑	6200
용산구	JR BBQ	6500
강남구	VIPS 도곡역점	7240
강남구	쉼터편의점	6200
은평구	Falling in pizza(폴링인피자)	6500
용산구	계절밥상 용산 아이파크몰점	7240
강남구	투썸플레이스 삼성로점	7200
동대문구	신마포갈매기	6500
송파구	낭만옵빠	7500
강북구	W	25000
성북구	에이프럴	6500
마포구	섹션	7000
종로구	한신포차 대학로점	6800
종로구	Qplus 멀티방	6500
동대문구	맥도날드/경희대점	6030
송파구	파리바게뜨 송파래미안	6030
영등포구	엔제리너스 여의도공원점	6030
서초구	토끼의 지혜	7300
노원구	W	25000
강북구	W	25000
강남구	치킨더비 선릉역점	7000
광진구	W	25000
서초구	위니월드	8280
강남구	모단걸응접실(가로수길점, 서울대입구역점)	7000
송파구	니지	7000
영등포구	아메리칸트레일러 여의도IFC몰점	6100
금천구	금천태양점	6030
중구	서울투어버스여행㈜	7000
송파구	청춘연가	7500
종로구	남오토코 종로점	8000
영등포구	만랩커피 문래점	7500
종로구	서촌퀸스테라스	6500
강남구	이디야 양재 스타클래스점	7000
종로구	89번가	6500
마포구	힐링 앳 티파니스	6500
강남구	chop헤어 청담aria점	6030
중구	카페 비마이프랜드	6100
영등포구	계절밥상 여의도IFC점	7240
강동구	맥도날드 암사점	7500
노원구	최혁한의원	6030
양천구	본도시락 목동파리공원점	7000
강동구	세븐일레븐 암사역점	6030
서초구	㈜신세계푸드 자니로켓	6800
동대문구	세븐일레븐 시립대본점	6030
서초구	카페루미 강남점	6400
종로구	반디앤루니스 종각역점	6100
강남구	㈜가가불이 와바삼성1호점	10000
금천구	㈜스포애니 시흥점	6030
광진구	아이비스 아차산역점	6100
금천구	킹콩쥬스 가산점	6100
송파구	세븐PC	7000
종로구	아빠곰탕 광화문역점	6500
종로구	수사 광화문점	7200
은평구	GS25연신내점	6300
광진구	반디앤루니스 건대점	6100
강서구	서울맥주 1977 등촌점	6500
마포구	Moon Hostel	7000
동작구	백제231/Baekje231	7000
강서구	버거킹 가양이마트점	6030
서초구	버거킹 교대역점	6030
강서구	버거킹 가양이마트점	6030
동대문구	오븐에빠진닭(경희대점)	6500
강서구	버거킹 가양이마트점	6030
동대문구	안흥갈비	6030
금천구	인앤아웃	7240
서초구	한솥도시락 강남역점	6700
동작구	메인pc방	6200
송파구	샹하오 가든파이브점	7500
영등포구	이디야 영등포구청점	6030
양천구	커피인동	6030
성동구	미니스톱 금호점	6100
송파구	올림픽O2독서실	6030
성북구	태진TECH/알씨월드	6100
강서구	커피베이	6030
광진구	hollys coffee	6030
노원구	스무디킹 중계점	6030
양천구	달달애	6030
강서구	누리터pc	6100
서초구	카페루미 강남점	6400
종로구	반디앤루니스 종각역점	6100
강남구	㈜가가불이 와바삼성1호점	10000
금천구	㈜스포애니 시흥점	6030
광진구	아이비스 아차산역점	6100
금천구	킹콩쥬스 가산점	6100
송파구	세븐PC	7000
종로구	아빠곰탕 광화문역점	6500
종로구	수사 광화문점	7200
은평구	GS25연신내점	6300
광진구	반디앤루니스 건대점	6100
강서구	서울맥주 1977 등촌점	6500
마포구	Moon Hostel	7000
동작구	백제231/Baekje231	7000
강서구	버거킹 가양이마트점	6030
서초구	버거킹 교대역점	6030
강서구	버거킹 가양이마트점	6030
동대문구	오븐에빠진닭(경희대점)	6500
강서구	버거킹 가양이마트점	6030
동대문구	안흥갈비	6030
금천구	인앤아웃	7240
서초구	한솥도시락 강남역점	6700
동작구	메인pc방	6200
송파구	샹하오 가든파이브점	7500
영등포구	이디야 영등포구청점	6030
양천구	커피인동	6030
성동구	미니스톱 금호점	6100
송파구	올림픽O2독서실	6030
성북구	태진TECH/알씨월드	6100
강서구	커피베이	6030
광진구	hollys coffee	6030
노원구	스무디킹 중계점	6030
양천구	달달애	6030
강서구	누리터pc	6100
중구	메사빌딩	6600
서초구	송탄 부대찌개	8000
성동구	GS25한양중앙점	6030
중랑구	도니버거 면목점	6030
광진구	진격닭발	6500
중랑구	빅커피	6100
강북구	㈜풀잎채 미아점	7240
강남구	던킨도너츠 선릉공원점	6030
동작구	노량진 제노pc방	6500
마포구	연남닭발	7000
서초구	사보텐 강남점	7500
마포구	스시사이코우	7000
성북구	올리브영 동덕여대점	7300
영등포구	케이텍 맨파워㈜	7236
광진구	이지필라테스	6500
노원구	GS25 상계두산점	6030
종로구	디초콜릿커피앤드	6200
동대문구	달려라봉쥬비어	6500
강남구	빈스빈스커피 가로수길점	6030
성북구	피자나라치킨공주(삼선점)	6500
구로구	지짐이	6500
강남구	롯데리아 선릉점	7600
강남구	롯데리아 선릉점	7600
강남구	롯데리아 선릉점	7600
강서구	3POP PC방 까치산점	6300
광진구	곱돌이네	6500
강남구	㈜한스제과	6500
동작구	맘스터치 이수점	7250
마포구	자마이카 왕	7000
강남구	롯데리아 선릉점	7600
용산구	쓰리팝PC방 용문점	6500
동대문구	설빙	6100
강북구	베스킨라빈스31 수유2호점	6030
강남구	쌀통닭개포역점	7000
강서구	신마포갈매기송정점	6100
마포구	컬투치킨홍대사랑점	7000
성북구	아모르파티	6400
강남구	제일패션리테일㈜	8000
강북구	더 소야소	6200
양천구	호프브로이	7000
양천구	e조은 스크린골프	6500
영등포구	교촌치킨 여의도점	8000
광진구	㈜무스쿠스 건대점	6500
구로구	피자샵구로구점	7500
송파구	Cafe Droptop 송파가락점	6100
서대문구	할리스커피북가좌점	6030
강남구	맥도날드 역삼점	9050
송파구	파리바게뜨문정중앙점	6030
송파구	㈜떼루와	7000
동대문구	와라와라 경희대점	7000
강남구	맥도날드	9050
종로구	세븐일레븐 종로함춘원점	6100
강남구	포메인 선릉역점	6500
동작구	봉구스 신대방점	6030
종로구	세븐일레븐 종로율곡점	6100
성북구	월광	6500
성북구	맥스식스(장위2동)	6500
서초구	베네베네(서래점)	6500
송파구	이랜드/로운	6500
종로구	록키마운틴 초콜릿 팩토리 삼청점	6100
서초구	로마루PC방 논현점	6700
강남구	TONY BURGER	6030
영등포구	두리아 숯불바베큐 치킨	7000
양천구	맥도날드 목동점	8500
강남구	주식회사 토니 논현점	6030
동작구	롯데리아 노량진점	9000
양천구	맥도날드 목동점	8500
양천구	맥도날드 목동점	8500
서대문구	나뚜루북가좌점	6030
송파구	올댓스튜디오	70000
성동구	매드포갈릭 왕십리역사점	7300
서초구	강남 플레잉포차	8000
양천구	맥도날드 목동점	8400
광진구	난장 건대점	6500
성북구	롯데리아 홈플러스월곡점	6030
금천구	이태리국수집	6030
광진구	세븐일레븐 자양강변점	6030
동작구	올리브네트웍스 사당점	6030
은평구	신세계 with me 편의점  은평구산점	6030
광진구	롯데리아	9200
영등포구	맥도날드 양평 SK DT	8400
서초구	썸ing	8000
성북구	커핀그루나루 성북구청점	6100
광진구	롯데리아	9200
금천구	어네스트	8000
송파구	매드독스(호프)	6500
마포구	꼬치다	8000
서대문구	커피식스쥬스식스 이대점	6500
종로구	식주고명	6500
송파구	온더데스크문정독서실	6030
강남구	통닭사랑	7000
영등포구	Opera Bean Roasters	6100
강남구	모모코 (momoko)	6500
강남구	주식회사 아트제이로	6500
강남구	아리스타 역삼2호점	6030
강서구	피자헛 화곡점	7300
강남구	버거킹 강남파이낸스점2	6030
강남구	버거킹 강남파이낸스점2	6030
송파구	투썸플레이스 잠실역점	7240
영등포구	오븐에 빠진 닭	8000
종로구	카페인버스 혜화동점	6030
송파구	스쿨스토어 롯데월드 매직아일랜드점	7200
구로구	커피베이온수역점	6030
용산구	이촌동 커피공장 103 2호점	6700
강남구	가로수브루잉컴퍼니	7500
광진구	㈜아이엑스	6200
송파구	투썸플레이스 잠실3단지점	6500
서초구	㈜구슬함박	6500
종로구	교보핫트랙스㈜	6500
강서구	소담촌 화곡직영점	6030
강남구	bbq 역삼스타점	7000
서초구	올리브네트웍스 방배카페거리점	6030
구로구	투탑영수전문학원	8000
종로구	커피빈 인사점	6030
송파구	cofffee & story	6030
송파구	24/7	6030
강남구	GS25논현드림점	6600
강남구	GS25역삼효성점	6100
강남구	GS25논현영동시장점	6100
마포구	요정	6500
광진구	펀비어킹/용마사거리점ㅡ중곡동	6500
서대문구	왓슨스 이대점	7300
강남구	GS25논현미래점	6100
송파구	KFC 잠실	6030
성북구	이디야커피 하월곡동점	6100
중구	본 바닭 바베큐	7000
서초구	롯데리아 사당점	6130
성북구	비비고 고려대점	7240
양천구	이마트 목동점/JAJU 자주(구.자연주의)	6500
노원구	롯데리아 수락산역점	6030
관악구	디큐브BAR피아노	25000
강남구	스파오 가로수길	6800
서초구	㈜이랜드파크	6600
동작구	㈜언노운핸즈	7200
강남구	㈜티와이코퍼레이션	7300
중랑구	망고pc	6200
서초구	GS25 서울팔래스점	6100
영등포구	시추안하우스 여의도점	7340
종로구	커핀그루나루 평창동점	6100
구로구	디큐브BAR피아노	25000
노원구	가마솥치킨	6300
종로구	중식레스토랑 금문	6100
중구	스페인포차 BIEN	6500
서초구	배스킨라빈스CAFE31교대점	6030
서초구	3POP	6500
서초구	㈜이랜드파크	6600
서초구	㈜이랜드파크	6600
용산구	국립박물관문화재단	6500
서대문구	한국맥널티㈜	6100
구로구	버거킹 구로점	7400
성동구	파리바게트 성동구민회관점	6030
마포구	빽다방 극동방송국점	6500
송파구	주식회사 다미토이 롯데월드	6500
마포구	룸메이트	6500
종로구	쓰리팬스	7000
서초구	숯불구이 화가	7000
서대문구	마시그래이 이대	6200
성동구	CJ올리브영 금호점	7240
송파구	롯데리아 올림픽공원점	6130
서초구	3pop	6500
양천구	GS25 신정스타점	6200
구로구	정대포	6200
관악구	토니모리신림2호점	6100
성동구	CJ올리브영 금호점	7240
마포구	신규오픈32호점	6500
용산구	더 맛있는 밥집	7000
용산구	SuperSuper	6500
마포구	베이크스토리	6030
영등포구	스무디킹 여의도 IFC몰	6030
마포구	유가네닭갈비 2호점	6300
광진구	자양베스트학원	10000
마포구	함지박	6500
용산구	서울역 kfc 파트너 모집합니다	7400
송파구	카페 유달리  U DALLY	6400
용산구	파스쿠찌 용산아이파크몰점	6030
성동구	제주올레2호점	7500
마포구	인썸(INSSUM)	6500
영등포구	크리스피크림도넛_ 영등포점	6030
강북구	신규오픈21호점	6300
송파구	㈜아이씨티플러스	8000
마포구	대박이네	6200
강남구	The Hanoi	7000
종로구	Amandier	6030
마포구	큐브이스케이프	6500
동작구	VIPS 대방점	7240
서초구	초보가능,많은인원모집중	6050
마포구	파파존스피자홍대점	7500
종로구	교촌치킨대학로점	8500
마포구	트루이스케이프룸	6500
은평구	술집 타디스	8000
구로구	T Smart Safe Center	7000
금천구	요거프레소	6030
종로구	GS25혜화경찰서점	6100
금천구	계절밥상 가산 W MALL점	7240
구로구	이디야커피 신도림테크노마트점	6030
강남구	에이미파크	40000
서초구	커피빈 서초구청앞점	6030
용산구	한샘마트	6500
송파구	C.U JJ 올림픽점	6030
송파구	posso	6030
마포구	미미네 홍대점	6200
강동구	맥도날드 천호이마트점	6030
양천구	막푸줏간	7000
용산구	탐앤탐스 용산전자랜드점	7200
구로구	고마워케이크 구로	6100
마포구	이엠파워근골격운동센터	7000
송파구	투썸플레이스 잠실3단지점	6500
영등포구	계절밥상 여의도IFC점	7240
금천구	파리바게뜨 가산에이스점	6100
송파구	㈜롯데리아 TGIF 잠실캐슬점	7243
서초구	비어팩토리 양재역점	7000
강남구	마노디셰프	7000
강남구	3HANDS-ON	6500
동작구	마포갈매기	6300
강남구	GS25대치선릉점	6030
서초구	㈜보우앤파트너스 미소야 강남스타점	6500
마포구	Ninetea PC & Cafe	6500
종로구	가을	7500
강남구	버거킹 테헤란로점	6030
강남구	버거킹 테헤란로점	6030
영등포구	모던 뷔페 로슬로 ( 영등포점)	7000
강남구	카페네스카페 도곡점	6030
은평구	명성학원	6050
마포구	인투스PC방	6300
강남구	버거킹 테헤란로점	6030
강남구	버거킹 테헤란로점	6030
서초구	하나레	7000
도봉구	제노피시카페	6100
강남구	블랙스톤 강남점	7000
강남구	롯데리아 학동역점	6030
양천구	막푸줏간	7000
용산구	탐앤탐스 용산전자랜드점	7200
구로구	고마워케이크 구로	6100
마포구	이엠파워근골격운동센터	7000
송파구	투썸플레이스 잠실3단지점	6500
영등포구	계절밥상 여의도IFC점	7240
금천구	파리바게뜨 가산에이스점	6100
송파구	㈜롯데리아 TGIF 잠실캐슬점	7243
서초구	비어팩토리 양재역점	7000
강남구	마노디셰프	7000
강남구	3HANDS-ON	6500
동작구	마포갈매기	6300
강남구	GS25대치선릉점	6030
서초구	㈜보우앤파트너스 미소야 강남스타점	6500
마포구	Ninetea PC & Cafe	6500
종로구	가을	7500
강남구	버거킹 테헤란로점	6030
강남구	버거킹 테헤란로점	6030
영등포구	모던 뷔페 로슬로 ( 영등포점)	7000
강남구	카페네스카페 도곡점	6030
은평구	명성학원	6050
마포구	인투스PC방	6300
강남구	버거킹 테헤란로점	6030
강남구	버거킹 테헤란로점	6030
서초구	하나레	7000
도봉구	제노피시카페	6100
강남구	블랙스톤 강남점	7000
강남구	롯데리아 학동역점	6030
송파구	㈜이랜드파크 외식사업부	7240
관악구	롯데리아 서울대점 (서울대학교 內)	6030
관악구	R BAR	17000
관악구	유가네 닭갈비 신림점 마감을 구합니다	6500
금천구	일류학원	12500
은평구	골목집갈빗살	6800
서대문구	롯데리아 서대문역점	7000
서대문구	롯데리아 서대문역점	7000
서대문구	롯데리아 서대문역점	7000
서대문구	롯데리아 서대문역점	7000
영등포구	아이센스PC방 여의도점	7000
종로구	L.키친 이탈리안	7000
서대문구	롯데리아 서대문역점	7000
영등포구	GS25영등포당일점	7000
서초구	㈜할리스에프엔비 (센트럴시티점)	6030
관악구	엘리펀트키친	6300
강남구	앤하우스 강남점	6500
노원구	VIPS 공릉점	7240
구로구	뚜레쥬르/온수역북부점	6030
광진구	떼루와	6500
서초구	㈜큐오스	7500
강동구	맥도날드 암사점	7500
강서구	수당구장	7000
영등포구	노가리호프	7000
노원구	순수치킨상계점	6500
노원구	카카오PC방	7000
금천구	Coffee station	7220
마포구	스매싱볼 홍대점	7500
강남구	스매싱펍	7500
관악구	M	15000
종로구	GS25종로관훈점	6030
관악구	범벅치킨	7000
강남구	스매싱볼	7500
양천구	쥬시킹오목교점	6100
성동구	아이닉스 pc방	6100
관악구	카페뉴욕	6500
서초구	㈜큐오스	7500
종로구	GS25종로관훈점	6030
종로구	CJ올리브영 종로점	7240
동작구	롯데리아 노량진점	8000
구로구	육대장 구로디지털 직영점	7000
서초구	커피빈반포엘루체점	6030
광진구	주스탐아차산점	6500
영등포구	키즈카페	6030
강서구	스푼더마켓 우장산역점	6100
은평구	JS월드당구클럽 응암점	7000
동작구	롯데리아 노량진점	9000
강서구	더나인피씨방	7000
성동구	NTOP PC방	6100
관악구	투썸플레이스 낙성대역점	6050
강남구	본피씨방	6500
양천구	스카이호프	7000
마포구	맛의단상	7500
관악구	화로꼬치야시장	7000
성동구	쥬씨 왕십리역점	6500
영등포구	반샤쿠	7000
강동구	뷰	25000
용산구	볼리포인트	7000
중구	심플하우스동대역점	6030
강남구	키즈카페 릴리펏 역삼점	7000
노원구	청아라	7000
강동구	진성한우곱창	7000
서대문구	이디야(북가좌동점)	6200
영등포구	쥬씨 영등포구청역점	7000
종로구	커피스미스 종로점	6030
강동구	알렉스 키친	6700
성동구	금호한의원	7000
은평구	호디자인	7000
영등포구	봉구비어 당산역점	6050
동작구	깐부치킨 상도점	6500
강남구	다빈치코드	25000
중랑구	카페네스카페	6030
강남구	AG CLUB(압구정클럽)	6050
강북구	기다려빵아	6100
강남구	다독인더씨티	6500
마포구	삼구포차	6700
종로구	종로비즈호텔	7500
강남구	㈜로쉬 룩아워티	6500
강남구	크로네비어	7500
중랑구	이디야 중화역점	6100
송파구	앤티앤스	6100
용산구	피자헛한남역점	8000
서초구	약국	7000
중랑구	네네치킨 면목3점	8000
송파구	이디야 마천사거리	6030
송파구	㈜호면당	7000
강남구	㈜YK푸드 코나야 파르나스점	7000
동대문구	미스터몽	7000
용산구	365플러스 서부이촌점	7000
용산구	롯데리아 서울역사점	6600
마포구	공덕닭발왕	7000
영등포구	글로벌 스파오당산점	6800
성북구	강호동치킨678돈암점	7500
강동구	인재컴퍼니강동점	6030
광진구	에듀학원	10000
서대문구	유타카나	7000
강북구	365플러스 수유419점	6030
노원구	㈜ 식의 어글리 스토브	7550
중구	로레알/랑콤 신세계백화점 본점	9000
마포구	XENO 제노피씨방	6100
중구	미락푸드주식회사	7000
강동구	왕대포	7200
동작구	롯데리아 노량진점	9000
구로구	동일식당	8000
서대문구	더벤티 신촌점	6030
종로구	CJ푸드빌 투썸플레이스 광화문점	7240
성북구	챔프스크린골프	6250
양천구	㈜공차 목동파리공원점	6030
영등포구	치킨골뱅이 호프	7000
강서구	유고집	6500
송파구	10번가 고깃집	6500
강남구	마노디셰프	7000
강서구	피기피기(화곡점)	8000
서대문구	유가네닭갈비	6030
성동구	피자헛 금호2호점	7500
마포구	파스쿠찌 메세나폴리스점	6030
강남구	압구정역 탱크(tank`s)	7000
마포구	달프프레즐	6030
금천구	카페베네 독산사거리점	6030
강서구	한국피자헛	6300
영등포구	맥도날드 양평 SK DT	8400
강서구	피자헛	6500
강동구	세븐일레븐	6030
용산구	빽다방 신용산역점	6500
강남구	롯데리아	8500
마포구	화화	7450
강남구	롯데리아	8500
광진구	유니버설문화재단	7000
강남구	롯데리아 역삼	8500
강남구	라비타에벨라	7300
강남구	슈퍼집	8000
용산구	현대아이파크몰	7200
서초구	㈜에이치엠에스코리아 강남	7236
마포구	비엔나 커피하우스 상암DDMC점	7236
강서구	한냥노가리 송정역점	7000
강북구	맥도날드 미아점	8600
동작구	양계장집아들 상도점	6500
동대문구	CU  용두대박점	6030
도봉구	메가 스테이션 pc방	6030
서초구	양계장집아들 방배본점	6500
강남구	숲길로PC방	6500
은평구	치킨마루불광점	6500
강남구	롯데리아 학동역점	6030
서초구	던킨도너츠	6030
강남구	샐러디(salady)	7200
종로구	㈜제네시스 비비큐 프리미엄 카페 종로본점	7230
서초구	커피빈 예술의전당앞점	6100
강남구	세븐일레븐	6300
영등포구	롯데리아 영등포타임스퀘어B2점	6030
서초구	타워개발	6500
강북구	롯데백화점 미아점 톰보이매장	6030
동작구	3POP PC방	6300
동대문구	세븐일레븐	6200
중구	스프리스 동대문롯데피트인점	7000
마포구	㈜ 이랜드파크 로운샤브샤브 홍대점	6750
노원구	이바돔감자탕	6030
성북구	이디야 월곡1동점	6300
송파구	땅땅치킨 석촌역점	6500
관악구	인터라켄pc방	6100
송파구	스무디킹 롯데몰점	6030
강남구	A plus Bar	20000
성북구	할리스커피돈암점	6030
종로구	텐어클락	6400
송파구	스무디킹 제2롯데월드몰점	6030
중구	탐앤탐스 충무로점	6100
성북구	박가부대동소문지점	7250
송파구	스무디킹 롯데월드몰점	6030
강북구	㈜레드아이	7300
중구	㈜레드아이	7300
광진구	놀러와 PC방	6030
서대문구	소망독서실	6030
동대문구	미니스톱휘경주공점	6030
용산구	매머드커피 서울역점	6030
서초구	신규오픈22호점	6300
서초구	청년떡볶이	9000
송파구	딘 PC방	6500
강북구	스카이 노래연습장	6100
송파구	사찌야	8000
관악구	GS25신림서부점	6100
마포구	세븐일레븐마포망원역점	6100
서대문구	신촌점 맥도날드	8000
종로구	반타이	7000
광진구	포더스타일	6500
서대문구	신촌점 맥도날드	7500
강남구	게임이너스(강남점)	7000
동대문구	신규오픈39호점	6100
강남구	맥도날드 청담점	10100
송파구	투썸플레이스 거여역점	7240
마포구	GS25대흥큰우물점	6030
노원구	바닐라	6300
서초구	㈜강가 강남점	7000
강남구	간사이오뎅	7500
도봉구	마쯔무라 돈까스 방학점	6030
은평구	맥도날드 구산점	8300
동작구	롯데리아 이수역점	6030
양천구	㈜다미로	8000
구로구	미스터피자 구로공단역점	6030
강서구	더 제이케이 키친박스 신방화역점	6030
성북구	빽다방 월곡역점	6050
종로구	서울 성균관대점 맥도날드	6030
동작구	롯데리아 이수역점	9000
종로구	써브웨이 대학로점	6100
동대문구	미니스톱휘경주공점	6030
용산구	매머드커피 서울역점	6030
서초구	신규오픈22호점	6300
서초구	청년떡볶이	9000
송파구	딘 PC방	6500
강북구	스카이 노래연습장	6100
송파구	사찌야	8000
관악구	GS25신림서부점	6100
마포구	세븐일레븐마포망원역점	6100
서대문구	신촌점 맥도날드	8000
종로구	반타이	7000
광진구	포더스타일	6500
서대문구	신촌점 맥도날드	7500
강남구	게임이너스(강남점)	7000
동대문구	신규오픈39호점	6100
강남구	맥도날드 청담점	10100
송파구	투썸플레이스 거여역점	7240
마포구	GS25대흥큰우물점	6030
노원구	바닐라	6300
서초구	㈜강가 강남점	7000
강남구	간사이오뎅	7500
도봉구	마쯔무라 돈까스 방학점	6030
은평구	맥도날드 구산점	8300
동작구	롯데리아 이수역점	6030
양천구	㈜다미로	8000
구로구	미스터피자 구로공단역점	6030
강서구	더 제이케이 키친박스 신방화역점	6030
성북구	빽다방 월곡역점	6050
종로구	서울 성균관대점 맥도날드	6030
동작구	롯데리아 이수역점	9000
종로구	써브웨이 대학로점	6100
노원구	썸머타이	6300
노원구	포메인 노원점	6300
송파구	쎄븐일레븐편의점	6030
노원구	미스터피자 석계역점	8000
광진구	커피랑쥬스 건대역점	6030
중구	투썸플레이스서울시청점	7240
강서구	링구아어학원	6500
관악구	자연별곡 서울대입구점	7240
서초구	네이처리퍼블릭	6030
광진구	올리브영 강변역점	7240
송파구	롯데리아 올림픽공원점	6130
서대문구	세븐일레븐 서대문구청점	6030
종로구	애슐리 종각역점	6700
서초구	우드맨굿푸드/바틀블랙	6500
마포구	3pop	6300
관악구	토끼와 거북이 pc방(구 제노)	6100
강남구	GS25 삼성언주점	6200
송파구	투썸장지역점	7230
강남구	GS당구장	8000
강서구	ZIO(지오)PC방	6300
강서구	크라스내발산독서실	6030
성북구	맥도날드 종암SK점	8800
중구	봉구비어	7000
중구	맥쓰치킨	7000
종로구	레드아이 대학로1,2호점	6030
종로구	레드아이 대학로1,2호점	6030
종로구	레드아이 대학로1,2호점	6030
종로구	레드아이 대학로1,2호점	6030
성북구	소한마리돈암점	6500
광진구	청춘싸롱 건대 1호점	6800
성북구	슈퍼스테이크성신여대점	6500
동대문구	롯데백화점/청량리점	6100
서초구	DC BLACK(신논현점)	6500
송파구	㈜이랜드파크 피자몰신천점	7000
종로구	레드아이 대학로1,2호점	6030
관악구	롯데리아 구로디지털역점	9024
관악구	롯데리아 구로디지털역점	9045
중구	CJ올리브영 명동역2호점(CJ 올리브네트웍스	7240
금천구	계절밥상 가산 W MALL점	7240
용산구	풀무원녹즙 용산오피스가맹점	10000
강동구	파리바게뜨 암사브라운스톤점	6050
관악구	퍼피앤커피	6100
영등포구	토프레소(여의2교점)	6050
강남구	세븐일레븐	6100
영등포구	커피빈 코리아 여의도 렉싱턴 호텔옆점	6100
송파구	GS25거여센타점	6400
마포구	투썸커피 홍대테디점	10860
마포구	㈜이랜드파크 피자몰 신촌점	7000
영등포구	아로이커피	6100
관악구	오신매운갈비찜	6200
용산구	버블앤코클스	7000
강남구	매머드커피	6800
노원구	세븐일레븐 노원문고점	6030
강남구	LG화장품(비욘드 이자녹스 수려한 차앤박 향	6500
구로구	이랜드파크 외식 신도림홈플러스	6030
구로구	서문석 골프 앤 휘트니스	6030
강남구	샐러디(Salady)	7200
양천구	토끼와거북이PC방	6500
동작구	토니버거 메가스터디점	6500
영등포구	쥬스식스	6030
용산구	도미노피자용산점	7000
서초구	콱펍	7000
서초구	누나홀닭 사당점	7000
광진구	올어바웃차 (세종대점)	6030
마포구	피자몰 신촌점	7000
강남구	맥도날드	8800
강동구	엔탑pc방	6100
송파구	설이봉 설렁탕	7240
강남구	이찌고	6200
강남구	맥도날드 역삼점	8800
강남구	피크PC방 압구정	6800
성동구	파리바게뜨 한양대점	6030
마포구	마리웨일	6030
강서구	놀부옛날통닭 강서방화점	7000
동작구	이디야 신상도초교점	7000
마포구	소문난백정 합정점	7000
강남구	모모스테이크 강남역점	7000
성북구	미니스톱	6100
광진구	이앤지	6100
성동구	올리브영 왕십리엔터식스점	7240
서초구	파파존스	7000
광진구	건대 맥스토탈휘트니스	6500
강동구	파리비게트 성내중앙점	6030
강남구	비어시티	7000
서초구	GS25잠원신화점	6100
마포구	롯데리아 / 홍대점	6130
동작구	생활맥주 이수점	6500
광진구	교촌치킨 구의2호점	7200
마포구	씨제이올리브영 합정메세나폴리스점	7240
서초구	GS25잠원신화점	6100
영등포구	미스터보쌈5379	8000
강북구	Cafe7gram 수유역점	6030
구로구	청춘포차	6500
마포구	뚜레쥬르 마포아현점	6030
서대문구	로드샌드위치	6500
서초구	롯데리아 사당점	6130
마포구	CJ올리브영 상암MBC점 (CJ올리브네트웍스)	7240
마포구	빌리엔젤 상암DDMC점	6030
성동구	롯데리아 한양대학교	8040
강남구	꼬꼬댁갈비(강남점)	7000
동대문구	BBQ치킨	7000
송파구	이디야삼전역점	6030
노원구	주식회사 올리브 영 노원점	6030
강남구	사보텐 선릉역점	6030
중랑구	고릴라PC방(신내동)	6100
강남구	써브웨이 신사점	6300
은평구	코코브레드	6030
중구	홍대도마 직영1호 중림점	7000
강서구	애슐리(강서NC점)	6030
마포구	subway - 상암점	6500
종로구	더레스토랑	7000
양천구	쥬씨(양천구청점)	7250
강남구	리마카롱	7000
노원구	yonamja중계점	6300
강남구	marklane coffee	6500
성동구	미스터피자 왕십리점	6500
강남구	(대치)잠룡승천프리미어 수학학원	11000
은평구	응암 킹콩	6100
마포구	스파오 홍대점	6800
강동구	CU암사한강점	6500
강동구	맥도날드 천호이마트점	6030
성북구	네네치킨	7500
영등포구	zoo coffee 당산역점	9100
양천구	GS25펀의점 양천오목점	6030
송파구	베스트올 가락	6300
서초구	엔제리너스 강남역점	6030
강남구	다인스 카페	6500
노원구	지플러스PC방	6100
용산구	그릴타이 용산아이파크몰점	7240
마포구	딥커피	6031
송파구	GS25잠실경기장점	6030
강북구	에이제이 포테이토 하우스	6200
중구	명가교동짬뽕	7000
송파구	오땅비어 가락점	7000
강남구	pcbin	7000
강남구	주식회사 열화전	7000
노원구	Lime PC Cafe	6100
노원구	맥도날드 중계점	8500
강남구	라이프러리대치독서실	6030
서대문구	우노인터내셔날	7000
중구	㈜레드아이	7300
중구	㈜레드아이	7300
서초구	예성 당구장	6500
강남구	한솥도시락 르네상스호텔사거리점	6500
양천구	파리바게트 양천학마을	6030
중랑구	치킨뱅이	6100
노원구	럭셔리 별 노래방	6030
송파구	GS25방이진실점	6700
강남구	만복회해산물	8000
강북구	올리브영 미아사거리점	6030
성북구	마포갈매기	6500
송파구	JAJU 가든5점	6700
강남구	강남점 연어상회	7500
관악구	롯데리아 신림역점	6030
관악구	롯데리아 신림역점	6030
관악구	롯데리아 신림역점	6030
강남구	카페홀썸	7000
강남구	커피빈코리아 영동고앞점	6030
강남구	맥도날드 강남구청점	6300
영등포구	super size 영등포점	6100
광진구	㈜이랜드파크 애슐리 강변점	7100
동작구	스타덤PC 노량진 본점	6100
금천구	가산디지털점 맥도날드	6030
광진구	포베이 강변 테크노마트점	6500
강남구	쓰리팝(3pop) 피씨방	7000
강서구	던킨	6030
마포구	12지락	6500
서초구	오니기리와 이규동	6500
성북구	마노핀 안암역점	6030
강남구	롯데백화점 강남점	6100
강남구	계절밥상 강남롯데점	7240
강남구	롯데백화점 강남점	6100
강서구	아리아 커피	6100
서초구	공차 양재점	6030
중구	달콤커피시청오버더디쉬점	6100
강남구	할리스 커피	6500
마포구	포차어게인 홍대점2	7000
마포구	포차어게인 홍대점	7000
서초구	빽다방 서초우성점	7236
서초구	지오다노 강남점	7300
강동구	디오니스	7000
마포구	술애타자	7000
강남구	지오pc방	6500
광진구	이랜드 월드 스파오 건대점	6800
강북구	독도참치 미아점	7500
강동구	프라이델리	6500
용산구	양파이(YANGPAI) 경리단길점	6500
노원구	노원골제주흑돼지	6500
노원구	지플러스PC방	6100
용산구	그릴타이 용산아이파크몰점	7240
마포구	딥커피	6031
송파구	GS25잠실경기장점	6030
강북구	에이제이 포테이토 하우스	6200
중구	명가교동짬뽕	7000
송파구	오땅비어 가락점	7000
강남구	pcbin	7000
강남구	주식회사 열화전	7000
노원구	Lime PC Cafe	6100
노원구	맥도날드 중계점	8500
강남구	라이프러리대치독서실	6030
서대문구	우노인터내셔날	7000
중구	㈜레드아이	7300
중구	㈜레드아이	7300
서초구	예성 당구장	6500
강남구	한솥도시락 르네상스호텔사거리점	6500
양천구	파리바게트 양천학마을	6030
중랑구	치킨뱅이	6100
노원구	럭셔리 별 노래방	6030
송파구	GS25방이진실점	6700
강남구	만복회해산물	8000
강북구	올리브영 미아사거리점	6030
성북구	마포갈매기	6500
송파구	JAJU 가든5점	6700
강남구	강남점 연어상회	7500
관악구	롯데리아 신림역점	6030
관악구	롯데리아 신림역점	6030
관악구	롯데리아 신림역점	6030
강남구	카페홀썸	7000
강남구	커피빈코리아 영동고앞점	6030
강남구	맥도날드 강남구청점	6300
영등포구	super size 영등포점	6100
광진구	㈜이랜드파크 애슐리 강변점	7100
동작구	스타덤PC 노량진 본점	6100
금천구	가산디지털점 맥도날드	6030
광진구	포베이 강변 테크노마트점	6500
강남구	쓰리팝(3pop) 피씨방	7000
강서구	던킨	6030
마포구	12지락	6500
서초구	오니기리와 이규동	6500
성북구	마노핀 안암역점	6030
강남구	롯데백화점 강남점	6100
강남구	계절밥상 강남롯데점	7240
강남구	롯데백화점 강남점	6100
강서구	아리아 커피	6100
서초구	공차 양재점	6030
중구	달콤커피시청오버더디쉬점	6100
강남구	할리스 커피	6500
마포구	포차어게인 홍대점2	7000
마포구	포차어게인 홍대점	7000
서초구	빽다방 서초우성점	7236
서초구	지오다노 강남점	7300
강동구	디오니스	7000
마포구	술애타자	7000
강남구	지오pc방	6500
광진구	이랜드 월드 스파오 건대점	6800
강북구	독도참치 미아점	7500
강동구	프라이델리	6500
용산구	양파이(YANGPAI) 경리단길점	6500
노원구	노원골제주흑돼지	6500
중랑구	드림당구장	6100
성북구	플로라하우스	6030
종로구	Waffle Lui	6030
양천구	올리브영홈플러스목동점	6100
구로구	홍짜장구로점	6500
은평구	맥도날드 은평SK점	9000
강남구	계절밥상 코엑스몰점	7240
서대문구	GS25무악재역점	6030
중랑구	아웃백스테이크하우스 상봉점	7250
종로구	㈜서울문고	6100
강북구	맥도날드	6030
동작구	박씨물고온제비	6030
용산구	겸손한 술집	7500
성동구	㈜ 이랜드파크외식 압구정점	7200
종로구	GS25종로행촌점	6030
중구	스패뉴 시청지점	7500
은평구	설빙	6100
송파구	파리바게뜨 방이사거리	6030
영등포구	계절밥상 여의도IFC점	7240
강남구	록키마운틴 초콜릿 팩토리 신사점	6100
강남구	제주도세기를굽다	7500
강북구	GS25미아사랑점	6030
강북구	GS25미아사랑점	6030
중랑구	엔제리너스 사가정역점	6030
강서구	주영당구장	6500
강북구	신규오픈21호점	6300
강북구	GS25미아사랑점	6030
마포구	3pop(상암점)	6100
영등포구	㈜하이핸드넷	10000
영등포구	맥도날드 양평 SK DT	8400
강동구	오가다 강동 경희대 한방 병원	6200
강남구	릴리펏 수서점	7300
관악구	롯데보브관악	6100
강북구	GS25미아신일점	6030
강북구	GS25미아신일점	6030
송파구	스시다이	7000
송파구	㈜이랜드파크 수사	6900
강동구	맥도날드 서울둔촌DT점	7000
용산구	아이닉스 PC방	6100
서초구	PERA	6500
강남구	㈜엑스잇	7500
강북구	GS25미아신일점	6030
강북구	맥도날드 미아점	8600
구로구	맥도날드 신도림점	6650
관악구	㈜캘리스코(사보텐)	6030
성북구	뚜레쥬르 아리랑고개점	6030
영등포구	썬스포짐	6200
서초구	마노핀 방배점	6030
강남구	놀부보쌈비스트로 강남점	7500
양천구	카페민트	6030
용산구	㈜씨앤알	9010
강서구	엔제리너스 롯데몰김포공항2호점	6030
강서구	PCbin 까치산점	6100
영등포구	무한연어(영등포점)	7000
강남구	워너커피	6300
구로구	훼미리마트 온수점	6200
종로구	롯데리아 종각역점	6130
강남구	㈜세븐스프링스	7240
강남구	미라주스크린골프장	7000
종로구	유쾌한발상	6030
강남구	앤탑pc방	6300
강서구	자연별곡	6030
종로구	요거프레소 광화문 오피시아점	7000
동작구	바바파파	6100
강동구	뚜레쥬르 둔촌대우점	6030
중랑구	요리가맛있는더술집	6500
송파구	엔제리너스	6030
서대문구	GS25/연희진성점	6300
종로구	약국	6100
강남구	주식회사 영원교육법인	6300
강남구	고레카레 선릉직영점	6700
마포구	스페인클럽	7000
강동구	포메인 고덕점	6500
관악구	파리바게뜨 서울대녹두점	6030
강남구	GS25논현미래점	6100
양천구	목동/늘솜돈가스치킨카페	7000
강남구	GS25논현영동시장점	6100
종로구	OST 대학로점	7000
용산구	카모메	6300
용산구	브라운 돈까스	6030
서초구	삼차(사당역점)	8000
중구	더마샬라	7200
마포구	비틀주스	6500
은평구	소문난간이횟집	7500
강남구	GS25역삼효성점	6100
강남구	GS25논현드림점	6600
용산구	[Spanish] TAPAS BAR	7500
송파구	㈜세븐스프링스 잠실롯데월드점	7240
서초구	세븐일레븐/서울성모병원점	6030
영등포구	춘천꼬꼬닭갈비	7000
영등포구	쥬씨 도림점	7000
서초구	포폴라리타(이태리 레스토랑-서래마을)	6700
노원구	객잔차이나	6100
양천구	VIPS 신정점	7240
강서구	스무디킹 롯데몰 김포공항점	6030
강동구	파파존스암사점	7000
중구	더치앤빈 시청점	6500
중랑구	롯데리아 면목중앙점	6130
중랑구	롯데리아 면목중앙점	6130
중랑구	롯데리아 면목중앙점	6130
서초구	GS25서초프라자점	6030
서초구	GS25서초프라자점	6030
중랑구	롯데리아 면목중앙점	6130
중랑구	롯데리아 면목중앙점	6130
강남구	카페 943-24	6300
금천구	대보라이텍 LED조명	6030
강남구	펀타임(강남)	6100
마포구	이디야합정역(합정lig점)	6030
강남구	로봇김밥 오토웨이점	6500
강동구	파파존스피자 암사점	7000
송파구	베스킨라빈스	6030
강남구	롯데리아 개포점	6030
성동구	㈜레드아이	6030
강남구	맥도날드 청담점	10100
송파구	더밀맥 개롱역점	7000
강남구	켈리스코 사보텐	7000
구로구	사보텐	7000
강남구	사보텐 압구정로데오점	6500
중구	티라펠리체 롯데본점	6030
중구	㈜레드아이	6030
강남구	파리바게트 압구정로데오점	7230
송파구	XENO PC 송파동점	6100
구로구	쥬씨 구로구청점	6300
관악구	커피빈 서울대입구역점	6030
중구	㈜LVI Partners 주유별장 명동점	7500
종로구	이디야종로3가	6030
노원구	맛닭꼬 상계백병원점	7000
영등포구	이디야 커피 영등포 로타리점	6300
송파구	피자헛	6200
은평구	홀릭고릴라pc방	6100
송파구	오므뜨 다이닝	6500
마포구	[직영] 투썸플레이스 상암CGV점	7240
성동구	투썸플레이스 뚝섬역점	6030
서초구	cafe연	6300
중랑구	㈜디엔엠-금계찜닭 묵동자이점	6500
강동구	명희요셉의창고(기독교 백화점)	6030
강남구	지에스본점	6030
송파구	진1926	8000
종로구	이디야 경복궁역점	6100
광진구	바이더웨이워커힐점(급구)	6030
은평구	GS25은평진관점	6500
중랑구	금계찜닭 묵동자이점 ㈜디엔엠	6500
송파구	제이케이글로벌	10000
성동구	미스터피자 성수점	7500
마포구	아마스빈 홍대점	6200
구로구	커핀그루나루 퍼플멤버스 신도림점	6100
양천구	이랜드 애슐리	7236
마포구	㈜부엉이에프엔비	6300
송파구	세븐일레븐 올림픽점	6030
강남구	㈜하늘마음바이오	6500
은평구	수상한 삼겹살	7000
강남구	맥도날드 신사역 지점	6500
